info,name,price
杨力 （著） | 人民邮电出版社 | 9787115502179 | 2019-3-1出版 | 2019-3-12 上架,Hadoop大数据开发实战,38.35
汪端 （著） | 人民邮电出版社 | 9787115505071 | 2019-3-1出版 | 2019-3-12 上架,老邮差 Photoshop数码照片处理技法 人像篇 修订版,68.53
[美] 莎丽·劳伦斯·弗里格（Shari Lawrence Pfleeger）[加] 乔安妮·M.阿特利（Joanne M. Atlee） （著） | 人民邮电出版社 | 9787115498076 | 2019-2-1出版 | 2019-3-12 上架,软件工程 第4版 修订版,68.53
邓凯 唐勇 秦云霞  李蓉 （著） | 人民邮电出版社 | 9787115507938 | 2019-3-1出版 | 2019-3-12 上架,电子商务网站建设与网页设计（微课版）,32.34
杨治明 许桂秋 （著） | 人民邮电出版社 | 9787115503534 | 2019-3-1出版 | 2019-3-12 上架,Hadoop大数据技术与应用,42.35
刘雯 （著） | 人民邮电出版社 | 9787115507679 | 2019-4-1出版 | 2019-3-12 上架,ASIC设计理论与实践——RTL 验证、综合与版图设计,34.65
温春水 毕洁馨 （著） | 机械工业出版社 | 9787111619314 | 2019-3-4出版 | 2019-3-11 上架,从零开始学Hadoop大数据分析（视频教学版）,62.30
李必信 廖力 王璐璐 孔祥龙 周颖 （著） | 机械工业出版社 | 9787111620709 | 2019-3-5出版 | 2019-3-11 上架,软件架构理论与实践,69.30
李鑫 （著） | 机械工业出版社 | 9787111618560 | 2019-3-1出版 | 2019-3-11 上架,Hyperledger Fabric技术内幕：架构设计与实现原理,90.30
恒盛杰资讯 （著） | 机械工业出版社 | 9787111620419 | 2019-2-25出版 | 2019-3-11 上架,Office 2019高效办公三合一从入门到精通（视频自学版）,41.86
[美] 威廉·斯托林斯（William Stallings）[澳] 劳里·布朗（Lawrie Brown） （著） | 机械工业出版社 | 9787111617655 | 2019-3-5出版 | 2019-3-11 上架,计算机安全：原理与实践（原书第4版）,97.30
郭朝勇 （著） | 机械工业出版社* | 9787111618140 | 2019-2-1出版 | 2019-3-10 上架,AutoCAD 2019中文版基础与应用教程,44.00
赵军 （著） | 机械工业出版社 | 9787111618768 | 2019-2-1出版 | 2019-3-10 上架,计算思维与算法入门,34.30
唐秀菊 徐冬妹 （著） | 机械工业出版社* | 9787111613435 | 2019-2-1出版 | 2019-3-10 上架,Photoshop实用案例教程 第3版,36.00
玛利亚 L.里佐（Maria L. Rizzo） （著） | 机械工业出版社* | 9787111553625 | 2019-2-1出版 | 2019-3-10 上架,统计计算 使用R,63.20
覃政 吴爱国 张俊 （著） | 机械工业出版社* | 9787111619277 | 2019-2-1出版 | 2019-3-10 上架,EPLAN Harness proD官方教程,44.00
吴心锋 吴心松 李佩佩 （著） | 机械工业出版社 | 9787111618362 | 2019-2-1出版 | 2019-3-10 上架,Scratch趣味编程：陪孩子像搭积木一样学编程,41.30
马特·布彻(Matt Butcher) 马特·法里纳(Matt Farina） （著） | 机械工业出版社* | 9787111617501 | 2019-2-1出版 | 2019-3-10 上架,Go语言实战,63.20
步磊峰 （著） | 机械工业出版社 | 9787111619246 | 2019-2-1出版 | 2019-3-10 上架,TypeScript图形渲染实战：2D架构设计与实现,69.30
"Aljosha Judmayer, Nicholas Stifter （著） | 机械工业出版社* | 9787111615323 | 2019-2-1出版 | 2019-3-10 上架",区块链：比特币、加密货币及其共识机制入门,31.20
涂承刚 王婷婷 （著） | 机械工业出版社* | 9787111616412 | 2019-2-1出版 | 2019-3-10 上架,3D打印技术实训教程,20.00
曾贤志 （著） | 人民邮电出版社 | 9787115506788 | 2019-3-1出版 | 2019-3-9 上架,Power Query For Excel 让工作化繁为简,55.20
李强 李若瑜 （著） | 人民邮电出版社 | 9787115508447 | 2019-4-1出版 | 2019-3-9 上架,Scratch 3.0少儿游戏趣味编程,55.20
何福贵 （著） | 机械工业出版社* | 9787111617839 | 2019-2-1出版 | 2019-3-8 上架,UI动效设计从入门到精通,63.92
布克科技 王君学 （著） | 人民邮电出版社 | 9787115499318 | 2019-2-1出版 | 2019-3-7 上架,从零开始 Dreamweaver CC中文版基础教程,38.35
吴小香 官宇哲 葛绪涛 谭春林 （著） | 人民邮电出版社 | 9787115504951 | 2019-3-1出版 | 2019-3-7 上架,中文版Photoshop CC基础培训教程 移动学习版,38.35
康英 冀松 王永涛 （著） | 人民邮电出版社 | 9787115504838 | 2019-3-1出版 | 2019-3-7 上架,中文版Illustrator CC基础培训教程 移动学习版,38.35
布克科技 谭雪松 文静 夏红 （著） | 人民邮电出版社 | 9787115497901 | 2019-2-1出版 | 2019-3-7 上架,从零开始 3ds Max 2017中文版基础教程,38.35
陈冠玲    王亚飞 副 （著） | 清华大学出版社 | 9787302512905 | 2019-1-1出版 | 2019-3-7 上架,计算机辅助设计（AutoCAD）实用案例教程,55.20
张莉、王玉娟、陈强、叶娟 （著） | 清华大学出版社 | 9787302518198 | 2019-1-1出版 | 2019-3-7 上架,大学计算机基础,36.00
王黎、袁礼、刘学工、王艳淼、张景、段炬霞、吕殿基 （著） | 清华大学出版社 | 9787302515449 | 2019-1-1出版 | 2019-3-7 上架,网络操作系统与应用（Windows Server 2012）（第2版）,36.00
徐日、张晓昆 （著） | 清华大学出版社 | 9787302517856 | 2019-2-1出版 | 2019-3-7 上架,微软办公软件国际认证MOS Office 2016专业级通关教程,79.20
聚慕课教育研发中心 （著） | 清华大学出版社 | 9787302518310 | 2019-2-1出版 | 2019-3-7 上架,Oracle 从入门到项目实践（超值版）,63.92
张玉春、黄？h、李晓峰、刘通、孙元、赵永华、王洋、曹婧华、张春飞、段云娜、杨卉、胡瑞华 （著） | 清华大学出版社 | 9787302517733 | 2019-3-1出版 | 2019-3-7 上架,C/C++程序设计进阶教程,39.84
尚展垒、司丽娜、孟牒、郑远攀 （著） | 清华大学出版社 | 9787302514305 | 2019-3-1出版 | 2019-3-7 上架,程序设计技术（C语言）,55.20
王成刚 （著） | 机械工业出版社* | 9787111613497 | 2019-3-1出版 | 2019-3-7 上架,三维数字模型及渲染 AutoCAD 2018、3ds Max 2018快速入门及应用实训教程,31.04
张亚莉 （著） | 机械工业出版社* | 9787111617426 | 2019-3-1出版 | 2019-3-7 上架,知识视角下的项目风险集成管理：框架、模式与仿真,47.20
王建华 （著） | 电子工业出版社 | 9787121359705 | 2019-3-1出版 | 2019-3-7 上架,AutoCAD 2019官方标准教程,66.75
周安琪 （著） | 电子工业出版社 | 9787121354618 | 2019-2-1出版 | 2019-3-6 上架,少博士趣学Python,59.93
（美）Amir Shevat（阿米尔·希瓦） （著） | 电子工业出版社 | 9787121355738 | 2019-3-1出版 | 2019-3-6 上架,聊天机器人：对话式体验产品设计,74.25
黑马程序员 （著） | 人民邮电出版社 | 9787115494405 | 2019-3-1出版 | 2019-3-6 上架,Kotlin从基础到实战,47.84
程丹 张良均 （著） | 人民邮电出版社 | 9787115499226 | 2019-3-1出版 | 2019-3-6 上架,大数据数学基础（R语言描述）,38.35
杨家海 安常青 （著） | 人民邮电出版社 | 9787115496225 | 2019-1-1出版 | 2019-3-6 上架,网络空间安全 拒绝服务攻击检测与防御,53.75
王永全  廖根为  涂敏 （著） | 人民邮电出版社 | 9787115496034 | 2019-3-1出版 | 2019-3-6 上架,信息犯罪与计算机取证实训教程,75.46
孟宪伟 许桂秋 （著） | 人民邮电出版社 | 9787115503459 | 2019-3-1出版 | 2019-3-5 上架,大数据导论,38.35
韦德泉 许桂秋 （著） | 人民邮电出版社 | 9787115503466 | 2019-3-1出版 | 2019-3-5 上架,Python编程基础与应用,30.65
冀云 （著） | 人民邮电出版社 | 9787115493729 | 2019-2-1出版 | 2019-3-5 上架,C++ 黑客编程揭秘与防范 第3版,76.23
张素青 王利 （著） | 人民邮电出版社 | 9787115491008 | 2019-3-1出版 | 2019-3-5 上架,SQL Server 2008数据库应用技术（第2版）,38.35
[美]布莱恩·伍德（Brian Wood） （著） | 人民邮电出版社 | 9787115503916 | 2019-3-1出版 | 2019-3-5 上架,Adobe XD CC 2018经典教程 彩色版,76.23
[意]迪诺·埃斯波西托(Dino Esposito） （著） | 人民邮电出版社 | 9787115497451 | 2019-3-1出版 | 2019-3-5 上架,全栈工程师Web开发指南,60.83
[美]史蒂文·F.洛特 （著） | 人民邮电出版社 | 9787115507174 | 2019-3-1出版 | 2019-3-5 上架,Python经典实例,107.03
[新加坡] 黄莉婷 苏川集 （著） | 人民邮电出版社 | 9787115506641 | 2019-2-1出版 | 2019-3-5 上架,白话机器学习算法,37.73
郑婷婷 黄杰晟 （著） | 人民邮电出版社 | 9787115501301 | 2019-3-1出版 | 2019-3-5 上架,响应式网页开发基础教程（jQuery+Bootstrap）,34.65
偶瑞军 （著） | 机械工业出版社 | 9787111619284 | 2019-2-28出版 | 2019-3-4 上架,区块链财税管理与Corda开发指南,60.52
王越 著 （著） | 人民邮电出版社 | 9787568234399 | 2019-1-1出版 | 2019-3-4 上架,国之重器出版工程 系统理论与人工系统设计学,58.52
高云龙 孙辰 （著） | 人民邮电出版社 | 9787115499677 | 2019-2-1出版 | 2019-3-4 上架,大话数据分析 Tableau数据可视化实战,68.53
魔乐科技(MLDN)软件实训中心 （著） | 人民邮电出版社 | 9787115501004 | 2019-3-1出版 | 2019-3-4 上架,Java编程技术大全（套装上下册）,91.63
CAE技术联盟 （著） | 清华大学出版社 | 9787302513506 | 2019-1-1出版 | 2019-3-2 上架,Revit 2018中文版建筑设计入门与提高,63.84
吉姆·斯特恩（Jim Sterne） （著） | 清华大学出版社 | 9787302513858 | 2019-3-1出版 | 2019-3-2 上架,人工智能营销,71.20
周珂令 （著） | 清华大学出版社 | 9787302516910 | 2019-1-1出版 | 2019-3-2 上架,中文版Photoshop CC 2018 完全实战技术手册,79.20
前端科技 （著） | 清华大学出版社 | 9787302517948 | 2019-1-1出版 | 2019-3-2 上架,网页设计与网站建设从入门到精通（微课精编版）,71.84
孙芳 （著） | 清华大学出版社 | 9787302512059 | 2019-1-1出版 | 2019-3-2 上架,中文版After Effects影视后期特效设计与制作全视频实战228例,71.84
王德宝 （著） | 清华大学出版社 | 9787302512417 | 2019-1-1出版 | 2019-3-2 上架,Excel报表一劳永逸（数据+函数+表格）,39.20
宋航 （著） | 清华大学出版社 | 9787302517351 | 2019-2-1出版 | 2019-3-2 上架,万物互联：物联网核心技术与安全,63.20
安筱鹏 （著） | 电子工业出版社 | 9787121359095 | 2019-2-1出版 | 2019-3-2 上架,重构：数字化转型的逻辑,59.25
"[美]加里·R. 赖特(Gary R. Wright),W. 理查德·史蒂文斯(W. Richard Stevens) （著） | 机械工业出版社 | 9787111617938 | 2019-2-26出版 | 2019-3-1 上架",TCP/IP详解 卷2：实现,97.30
[美] 马克·米凯利斯（Mark Michaelis） （著） | 机械工业出版社 | 9787111618980 | 2019-2-26出版 | 2019-3-1 上架,C# 7.0本质论（英文版）[按需印刷],149.00
[澳]杰夫瑞·艾文（Jeffrey Aven） （著） | 机械工业出版社 | 9787111620037 | 2019-2-26出版 | 2019-3-1 上架,Spark数据分析：基于Python语言（英文版）,55.30
互联网 数字艺术研究院 （著） | 人民邮电出版社 | 9787115487155 | 2018-11-1出版 | 2019-2-27 上架,中文版Photoshop CS6应用技法教程,63.84
如鹏教育 杨中科 （著） | 人民邮电出版社 | 9787115500533 | 2019-2-1出版 | 2019-2-27 上架,零基础趣学C语言,47.84
任群 （著） | 电子工业出版社 | 9787121349713 | 2018-10-1出版 | 2019-2-27 上架,中文版Photoshop CS6基础与进阶教程（全彩）（含DVD光盘1张）,79.84
彭斌 （著） | 电子工业出版社 | 9787121350573 | 2018-10-1出版 | 2019-2-27 上架,多媒体计算机基础项目教程,45.44
郑东营 （著） | 电子工业出版社 | 9787121341229 | 2018-12-1出版 | 2019-2-27 上架,计算机应用基础（Windows 7+Office 2010）,28.00
李焕春   万继平  王颖   许晓萍    苏希   张菁楠   张伟敬 （著） | 清华大学出版社 | 9787302508472 | 2018-9-1出版 | 2019-2-27 上架,计算机应用基础——非电子信息类专业适用(零起点),38.40
谷志茹 黄晓峰 王奇 （著） | 机械工业出版社* | 9787111581260 | 2018-12-1出版 | 2019-2-27 上架,面向AMI的电力线通信理论和应用,32.00
北京兆迪科技有限公司 （著） | 机械工业出版社* | 9787111616931 | 2019-2-1出版 | 2019-2-27 上架,UG NX 12.0数控加工实例精解,55.92
葛文军 （著） | 机械工业出版社* | 9787111614265 | 2019-2-1出版 | 2019-2-27 上架,Mastercam数控加工自动编程入门到精通 第2版,47.20
周云波 （著） | 电子工业出版社 | 9787121358609 | 2019-1-1出版 | 2019-2-27 上架,串行通信技术——面向嵌入式系统开发,54.40
"郭浩,苏伟,朱德海 （著） | 机械工业出版社* | 9787111615521 | 2019-2-1出版 | 2019-2-27 上架",点云库PCL从入门到精通,79.92
陈亚威 蒋迪 （著） | 人民邮电出版社 | 9787115496003 | 2019-3-1出版 | 2019-2-26 上架,虚拟化技术应用与实践,38.35
陆鑫 张凤荔 陈安龙 （著） | 人民邮电出版社 | 9787115502742 | 2019-3-1出版 | 2019-2-26 上架,数据库系统——原理、设计与编程（MOOC版）,46.05
唐永华 刘德山  李玲 （著） | 人民邮电出版社 | 9787115498793 | 2019-2-1出版 | 2019-2-26 上架,Python 3 程序设计,38.35
"Autodesk, Inc. （著） | 电子工业出版社 | 9787121358333 | 2019-2-1出版 | 2019-2-26 上架",Autodesk Revit Architecture 2019官方标准教程,74.25
"Autodesk, Inc. （著） | 电子工业出版社 | 9787121359293 | 2019-2-1出版 | 2019-2-26 上架",Autodesk Revit MEP 2019管线综合设计应用,89.25
黄靖钧 冯立灿 （著） | 电子工业出版社 | 9787121339066 | 2019-2-1出版 | 2019-2-26 上架,容器云运维实战--Docker与Kubernetes集群,66.75
杨洋 （著） | 电子工业出版社 | 9787121354649 | 2019-2-1出版 | 2019-2-26 上架,深入浅出Excel VBA,66.75
王昊奋 （著） | 电子工业出版社 | 9787121357152 | 2019-2-1出版 | 2019-2-26 上架,自然语言处理实践：聊天机器人技术原理与应用,51.75
齐伟 （著） | 电子工业出版社 | 9787121355035 | 2019-2-1出版 | 2019-2-26 上架,跟老齐学Python：Django实战（第2版）,59.25
范力旻 （著） | 机械工业出版社* | 9787111612841 | 2019-2-1出版 | 2019-2-26 上架,单片机原理及接口技术,31.84
亨利＆#8226;克拉斯曼（Henry Krasemann） 迈克尔＆#8226;弗里德里希（Michael Friedrichs） （著） | 机械工业出版社* | 9787111615736 | 2019-2-1出版 | 2019-2-26 上架,玩转乐高BOOST ：超好玩的创意搭建编程指南,55.20
文仲慧 （著） | 电子工业出版社 | 9787121353895 | 2019-1-1出版 | 2019-2-26 上架,密码学浅谈,54.40
[美]W. 理查德·史蒂文斯(W. Richard Stevens) （著） | 机械工业出版社 | 9787111617778 | 2019-2-22出版 | 2019-2-26 上架,TCP/IP详解 卷3：TCP事务协议、HTTP、NNTP和UNIX域协议,41.30
邱祎  熊谱翔  朱天龙 （著） | 机械工业出版社 | 9787111619345 | 2019-2-25出版 | 2019-2-26 上架,嵌入式实时操作系统：RT-Thread设计与实现,62.30
王恺 王志 李涛 朱洪文 （著） | 机械工业出版社 | 9787111620129 | 2019-2-25出版 | 2019-2-26 上架,Python语言程序设计,34.30
[美] 琳达·纳尔(Linda Null)  朱莉娅·洛博( Julia Lobur)宾夕法尼亚州立大学 （著） | 机械工业出版社 | 9787111616368 | 2019-2-21出版 | 2019-2-26 上架,计算机组成与体系结构（原书第4版）,90.30
[美]乔治·特鲁希略（George Trujillo）;查尔斯·吉姆（Charles Kim）;史蒂夫·琼斯（Steve Jones）;隆美尔·加西亚（Rommel Garcia） （著） | 人民邮电出版社 | 9787115497543 | 2019-2-1出版 | 2019-2-25 上架,Hadoop虚拟化,68.53
许永超 （著） | 人民邮电出版社 | 9787115500359 | 2019-3-1出版 | 2019-2-25 上架,Word/Excel/PPT 2019办公应用实战从入门到精通,34.65
金海 （著） | 人民邮电出版社 | 9787115503046 | 2019-2-1出版 | 2019-2-25 上架,中国网络空间安全前沿科技发展报告 2018,129.36
[英]安迪?巴德（Andy Budd）;[瑞典]埃米尔?比约克隆德（Emil Bj?rklund） （著） | 人民邮电出版社 | 9787115506900 | 2019-2-1出版 | 2019-2-25 上架,精通CSS 高级Web标准解决方案 第3版,76.23
孙岩志 李福清  张斌 （著） | 人民邮电出版社 | 9787115502728 | 2019-3-1出版 | 2019-2-25 上架,CATIA V5-6R2017中文版从入门到精通,76.23
孙占臣 陈振朋 毛重 （著） | 人民邮电出版社 | 9787115503565 | 2019-3-1出版 | 2019-2-25 上架,CATIA V5-6R2017中文版基础教程,46.05
明恒毅 （著） | 人民邮电出版社 | 9787115504012 | 2019-3-1出版 | 2019-2-25 上架,自制AI图像搜索引擎,45.43
侯炳耀 （著） | 人民邮电出版社 | 9787115505675 | 2019-3-1出版 | 2019-2-25 上架,Office 2019办公应用实战从入门到精通,34.65
朱忠华 （著） | 电子工业出版社 | 9787121359026 | 2019-1-1出版 | 2019-2-25 上架,深入理解Kafka：核心设计与实践原理,74.25
威链优创 （著） | 人民邮电出版社 | 9787115493361 | 2019-2-1出版 | 2019-2-24 上架,软件测试技术实战教程 敏捷、Selenium与Jmeter（微课版）,39.84
张桓 李金靖 （著） | 人民邮电出版社 | 9787115501936 | 2019-2-1出版 | 2019-2-24 上架,Java Web动态网站开发（微课版）,38.40
陈哲 （著） | 电子工业出版社 | 9787121356209 | 2019-2-1出版 | 2019-2-24 上架,活用数据：驱动业务的数据分析实战,51.75
徐宏洲 （著） | 清华大学出版社 | 9787302512325 | 2018-12-1出版 | 2019-2-24 上架,给孩子的24堂经典阅读课,47.84
阿布舍克·维贾亚瓦吉亚（Abhishek Vijayvargia） （著） | 人民邮电出版社 | 9787115501356 | 2019-2-1出版 | 2019-2-23 上架,Python机器学习,63.20
张天飞 （著） | 人民邮电出版社 | 9787115502261 | 2019-2-1出版 | 2019-2-23 上架,奔跑吧 Linux内核 入门篇,71.20
CAE技术联盟 （著） | 清华大学出版社 | 9787302507420 | 2019-1-1出版 | 2019-2-22 上架,AutoCAD 2018中文版入门与提高——机械设计,71.92
孙芳 （著） | 清华大学出版社 | 9787302509981 | 2019-1-1出版 | 2019-2-22 上架,中文版Premiere Pro视频编辑剪辑设计与制作全视频实战228例,79.20
罗杰·格里姆斯(Roger A. Grimes) （著） | 清华大学出版社 | 9787302515265 | 2019-1-1出版 | 2019-2-22 上架,反黑客的艺术,78.40
杰罗姆·巴同（Jér？me Baton）  [英]里克·范·布鲁根（Rik Van Bruggen） （著） | 清华大学出版社 | 9787302519188 | 2019-2-1出版 | 2019-2-22 上架,Neo4j 3.x入门经典,55.20
刘俊哲 刘中正 刘瑞恒 （著） | 清华大学出版社 | 9787302519393 | 2019-2-1出版 | 2019-2-22 上架,Microsoft Project 2016管理实践,55.20
胡仁喜 闫聪聪 （著） | 机械工业出版社* | 9787111615675 | 2019-1-1出版 | 2019-2-22 上架,LABVIEW 2018中文版虚拟仪器从入门到精通,71.20
（美）伊恩·福斯特，（美）丹尼斯·B甘农 （著） | 机械工业出版社 | 9787111606727E | 2018-9-1出版 | 2019-2-22 上架,(特价书)云计算：科学与工程实践指南,33.12
"（美）弗兰克·徐（Frank Tsui）,（美）芭芭拉·博纳尔（Barbara Bernal） （著） | 机械工业出版社 | 9787111607236E | 2018-9-1出版 | 2019-2-22 上架",(特价书)软件工程导论（原书第4版）,33.12
陆凌牛 （著） | 机械工业出版社 | 9787111416999E | 2013-3-1出版 | 2019-2-22 上架,(特价书)HTML 5与CSS 3权威指南(第2版.下册),28.32
窦万峰 （著） | 机械工业出版社 | 9787111413653E | 2013-4-1出版 | 2019-2-22 上架,(特价书)软件工程实验教程(第2版),16.80
李林功 （著） | 机械工业出版社 | 9787111459958E | 2014-3-21出版 | 2019-2-22 上架,(特价书)单片机原理与应用(第2版),16.80
何勇;陈晓峰 （著） | 机械工业出版社 | 9787111481003E | 2014-10-1出版 | 2019-2-22 上架,(特价书)Greenplum企业应用实战,33.12
创锐设计 （著） | 机械工业出版社 | 9787111580775E | 2017-10-1出版 | 2019-2-22 上架,(特价书)数码摄影后期处理秘笈：Photoshop CC商品照片修图·抠图· 调色·合成·特效,28.32
TMQ精准测试实践团队 （著） | 机械工业出版社 | 9787111571179E | 2018-3-1出版 | 2019-2-22 上架,(特价书)不测的秘密：精准测试之路,33.12
[美] 特拉维斯·鲁德米克（Travis Lowdermilk） 杰茜卡·里奇（Jessica Rich） （著） | 机械工业出版社 | 9787111604426E | 2018-8-1出版 | 2019-2-22 上架,(特价书)客户驱动的产品开发,33.12
[美] 帕特里克·J.林奇（Patrick J. Lynch）  莎拉·霍顿（Sarah Horton） （著） | 机械工业出版社 | 9787111607984E | 2018-8-29出版 | 2019-2-22 上架,(特价书)Web风格:用户体验设计基本原则及实践(原书第4版),61.92
马海平  于俊  吕昕  向海 （著） | 机械工业出版社 | 9787111608103E | 2018-9-3出版 | 2019-2-22 上架,(特价书)Spark机器学习进阶实战,28.32
[美]塔里克·法鲁克（Tariq Farooq）;[美]查尔斯·金（Charles Kim）;[印度]尼廷·文格勒卡（Nitin Vengurlekar）;[印度]斯里达尔·阿万查(Sridhar Avantsa）;[澳]盖伊·哈里森（Guy Harrison）;[美]赛义德·加法尔 （著） | 机械工业出版社 | 9787111607366E | 2018-9-14出版 | 2019-2-22 上架,(特价书)Oracle Exadata专家手册,57.12
杨保华 戴王剑 曹亚仑 （著） | 机械工业出版社 | 9787111608523E | 2018-9-14出版 | 2019-2-22 上架,(特价书)Docker技术入门与实战 第3版,42.72
赵军 （著） | 机械工业出版社 | 9787111607427E | 2018-9-7出版 | 2019-2-22 上架,(特价书)Word排版技巧必学必会,28.32
[美]亚伦·纽科姆（Aaron Newcomb） （著） | 机械工业出版社 | 9787111609094E | 2018-9-14出版 | 2019-2-22 上架,(特价书)Linux创客实战,28.32
（美）拉姆什·沙尔达（Ramesh Sharda）;（美）杜尔森·德伦（Dursun Delen) ;（美）埃弗瑞姆·特班（Efraim Turban） （著） | 机械工业出版社 | 9787111607854E | 2018-9-1出版 | 2019-2-22 上架,(特价书)商务智能：数据分析的管理视角（英文版·第4版）,52.32
朱荣鑫   张天    黄迪璇 （著） | 机械工业出版社 | 9787111608684E | 2018-9-20出版 | 2019-2-22 上架,(特价书)Spring Cloud微服务架构进阶,42.72
吴茂贵 王冬  李涛  杨本法 （著） | 机械工业出版社 | 9787111609728E | 2018-9-21出版 | 2019-2-22 上架,(特价书)Python深度学习：基于TensorFlow,37.92
创锐设计 （著） | 机械工业出版社 | 9787111607564E | 2018-9-20出版 | 2019-2-22 上架,(特价书)Premiere Pro CC淘宝天猫网店商品视频与动态广告制作实战从入门到精通,38.30
[美]  迈克·阿瑟顿（Mike Atherton）  卡丽·哈恩（Carrie Hane） （著） | 机械工业出版社 | 9787111608967E | 2018-9-27出版 | 2019-2-22 上架,(特价书)内容即未来：数字产品规划与建模,33.12
[美] 阿米特·拉索尔（Amit Rathore） 弗朗西斯·阿维拉（Francis Avila） （著） | 机械工业出版社 | 9787111609384E | 2018-9-29出版 | 2019-2-22 上架,(特价书)Clojure编程实战（原书第2版）,37.92
帅峰云 黄腾 宋洋 （著） | 机械工业出版社 | 9787111609568E | 2018-9-30出版 | 2019-2-22 上架,(特价书)手机安全和可信应用开发指南:TrustZone与OP-TEE技术详解,37.92
杜德慧 （著） | 机械工业出版社 | 9787111609599E | 2018-10-8出版 | 2019-2-22 上架,(特价书)UML建模分析与设计：基于MDA的软件开发,23.52
[美]梁勇（Y. Daniel Liang） （著） | 机械工业出版社 | 9787111610038E | 2018-10-11出版 | 2019-2-22 上架,(特价书)Java语言程序设计与数据结构（进阶篇）（原书第11版）,47.52
周志明 （著） | 机械工业出版社 | 9787111610496E | 2018-10-11出版 | 2019-2-22 上架,(特价书)智慧的疆界：从图灵机到人工智能,33.12
魏坤 （著） | 机械工业出版社 | 9787111607571E | 2018-10-8出版 | 2019-2-22 上架,(特价书)Julia语言程序设计,47.52
刘琼 （著） | 机械工业出版社 | 9787111607380E | 2018-10-11出版 | 2019-2-22 上架,(特价书)Excel VBA案例实战从入门到精通（视频自学版）,28.70
薛云峰 （著） | 机械工业出版社 | 9787111610434E | 2018-10-17出版 | 2019-2-22 上架,(特价书)深度学习实践：基于Caffe的解析,33.12
[美] 丹尼尔·怀特纳克（Daniel Whitenack） （著） | 机械工业出版社 | 9787111609797E | 2018-10-16出版 | 2019-2-22 上架,(特价书)机器学习：Go语言实现,28.32
史丹青 （著） | 机械工业出版社 | 9787111610045E | 2018-10-18出版 | 2019-2-22 上架,(特价书)生成对抗网络入门指南,33.12
余洪春 （著） | 机械工业出版社 | 9787111610021E | 2018-10-17出版 | 2019-2-22 上架,(特价书)DevOps和自动化运维实践,42.72
[印度]曼普里特·辛格·古特（Manpreet Singh Ghotra） 拉蒂普·杜瓦（Rajdeep Dua） （著） | 机械工业出版社 | 9787111611783E | 2018-10-23出版 | 2019-2-22 上架,(特价书)TensorFlow神经网络编程,33.12
校宝在线 孙琳 蒋阳波 汪建成 项斌 （著） | 机械工业出版社 | 9787111610458E | 2018-10-18出版 | 2019-2-22 上架,(特价书)PyTorch机器学习从入门到实战,28.32
曹源 张翀 丁兆云 马行空 （著） | 机械工业出版社 | 9787111611776E | 2018-10-24出版 | 2019-2-22 上架,(特价书)DAG区块链技术：原理与实践,37.92
董文娟 尚小冬 张军 （著） | 机械工业出版社 | 9787111611912E | 2018-10-25出版 | 2019-2-22 上架,(特价书)OpenStack CI/CD：原理与实践,33.12
[印] 佩瑟鲁·拉吉（Pethuru Raj）阿诺帕马·拉曼（Anupama Raman）德维亚·纳加拉杰（Dhivya Nagaraj）悉达多·杜格拉拉 (Siddhartha Duggirala) （著） | 机械工业出版社 | 9787111611752E | 2018-10-24出版 | 2019-2-22 上架,(特价书)高性能计算系统与大数据分析,37.92
[美] 凯·霍斯特曼（Cay Horstmann） 兰斯·尼塞斯（Rance Necaise） （著） | 机械工业出版社 | 9787111611479E | 2018-10-24出版 | 2019-2-22 上架,(特价书)Python程序设计（原书第2版）,57.12
华为云容器服务团队 杜军 （著） | 机械工业出版社 | 9787111611929E | 2018-10-29出版 | 2019-2-22 上架,(特价书)云原生分布式存储基石：etcd深入解析,37.92
[美]汤孟岩（Yan Solihin） （著） | 机械工业出版社 | 9787111610410E | 2018-10-25出版 | 2019-2-22 上架,(特价书)并行多核体系结构基础,47.52
朱敏 陈黎 李勤 （著） | 机械工业出版社 | 9787111611394E | 2018-10-30出版 | 2019-2-22 上架,(特价书)计算机网络课程设计,18.72
张洪波 丁卫颖 郑铮 （著） | 机械工业出版社 | 9787111611301E | 2018-10-29出版 | 2019-2-22 上架,(特价书)零基础轻松学Java,33.12
[印度]A. 奥利（A. Ohri） （著） | 机械工业出版社 | 9787111611950E | 2018-11-6出版 | 2019-2-22 上架,(特价书)R用户Python学习指南：数据科学方法,33.12
[美] 卢博米尔·佩尔科维奇（Ljubomir Perkovic） （著） | 机械工业出版社 | 9787111611608E | 2018-11-2出版 | 2019-2-22 上架,(特价书)程序设计导论：Python计算与应用开发实践（原书第2版）,47.52
（印）纳拉辛哈·卡鲁曼希（Narasimha Karumanchi） （著） | 机械工业出版社 | 9787111612414E | 2018-10-31出版 | 2019-2-22 上架,(特价书)数据结构与算法经典问题解析（原书第2版）,37.92
杨章显 （著） | 机械工业出版社 | 9787111612209E | 2018-11-6出版 | 2019-2-22 上架,(特价书)Service Mesh实战：基于Linkerd和Kubernetes的微服务实践,33.12
王红卫 （著） | 机械工业出版社 | 9787111612827E | 2018-11-14出版 | 2019-2-22 上架,(特价书)中老年人智能手机应用快易通 第2版,26.40
（美）保罗·阿曼（Paul Ammann）;（美）杰夫·奥法特（Jeff Offutt） （著） | 机械工业出版社 | 9787111611295E | 2018-11-1出版 | 2019-2-22 上架,(特价书)软件测试基础（原书第2版）,37.92
[美] 杰夫·W. 默里（Jeff W. Murray） （著） | 机械工业出版社 | 9787111619581 | 2019-2-20出版 | 2019-2-21 上架,基于Unity与SteamVR构建虚拟世界,55.30
[印]帕拉什·戈雅尔（Palash Goyal）苏米特·潘迪（Sumit Pandey）卡兰·贾恩（Karan Jain） （著） | 机械工业出版社 | 9787111617198 | 2019-1-24出版 | 2019-2-21 上架,面向自然语言处理的深度学习：用Python创建神经网络,48.30
孙芳 （著） | 清华大学出版社 | 9787302510000 | 2019-1-1出版 | 2019-2-19 上架,中文版3ds Max三维效果图设计与制作全视频实战228例,71.84
郭鑫 （著） | 清华大学出版社 | 9787302515135 | 2019-1-1出版 | 2019-2-19 上架,中文版Illustrator矢量图形设计与制作全视频实战228例,79.20
吴杏平    武亚光、杨维  副 （著） | 清华大学出版社 | 9787302515937 | 2019-1-1出版 | 2019-2-19 上架,电力客服信息系统工程原理与应用,55.20
方其桂 （著） | 清华大学出版社 | 9787302518525 | 2019-1-1出版 | 2019-2-19 上架,Scratch游戏编程趣味课堂,47.84
方其桂 （著） | 清华大学出版社 | 9787302518518 | 2019-2-1出版 | 2019-2-19 上架,Scratch创意编程趣味课堂,47.84
刘晓宇 （著） | 清华大学出版社 | 9787302436478 | 2019-2-1出版 | 2019-2-19 上架,Premiere Pro CC影视编辑技术教程（第二版）,47.20
"李姝博,王闻 （著） | 清华大学出版社 | 9787302467304 | 2019-2-1出版 | 2019-2-19 上架",Office 2010办公软件实用教程,52.80
Chris Binnie （著） | 清华大学出版社 | 9787302457923 | 2019-2-1出版 | 2019-2-19 上架,linux服务器安全攻防,47.84
武汉厚溥教育科技有限公司 （著） | 清华大学出版社 | 9787302347491 | 2019-2-1出版 | 2019-2-19 上架,WinForm技术应用,44.00
李华荣 翟世臣 （著） | 机械工业出版社* | 9787111617860 | 2019-2-1出版 | 2019-2-19 上架,数据库程序员面试笔试真题与解析,55.20
宋闯 （著） | 机械工业出版社* | 9787111617259 | 2019-2-1出版 | 2019-2-19 上架,3D打印建模·打印·上色实现与技巧 ZBrush篇,63.20
金立钢 （著） | 机械工业出版社* | 9787111615378 | 2019-2-1出版 | 2019-2-19 上架,Power BI数据分析：报表设计和数据可视化应用大全,63.92
北京兆迪科技有限公司 （著） | 机械工业出版社* | 9787111615040 | 2019-2-1出版 | 2019-2-19 上架,UG NX 12.0工程图教程,47.92
斛嘉乙 符永蔚  樊映川 （著） | 机械工业出版社* | 9787111614753 | 2019-2-1出版 | 2019-2-19 上架,软件测试技术指南,44.00
 （著） | 机械工业出版社* | 9787111614241 | 2019-2-1出版 | 2019-2-18 上架,SAP S/4 HANA Cloud:案例，功能和可扩展性,55.20
任永杰 程舟 （著） | 机械工业出版社 | 9787111619819 | 2019-2-15出版 | 2019-2-18 上架,KVM实战：原理、进阶与性能调优,62.30
王欣（Jason Wang） （著） | 机械工业出版社 | 9787111618997 | 2019-2-15出版 | 2019-2-18 上架,硅谷设计之道：探寻硅谷科技公司的体验设计策略,83.30
盖伊·泰尔（Guy Tal） （著） | 人民邮电出版社 | 9787115497192 | 2019-1-1出版 | 2019-2-15 上架,风光摄影后期 Photoshop 处理思路与调修技法,102.40
胡阳 （著） | 人民邮电出版社 | 9787115506894 | 2019-2-1出版 | 2019-2-15 上架,Django企业开发实战 高效Python Web框架指南,79.20
[美] 丹·西蒙（Dan Simon） （著） | 清华大学出版社 | 9787302516057 | 2018-12-1出版 | 2019-2-15 上架,应用数学译丛·进化优化算法：基于仿生和种群的计算机智能方法,94.40
陆凌牛 （著） | 机械工业出版社 | 9787111619239 | 2019-1-26出版 | 2019-2-15 上架,HTML 5与CSS 3权威指南（第4版·上册）,76.30
陆凌牛 （著） | 机械工业出版社 | 9787111618843 | 2019-1-26出版 | 2019-2-15 上架,HTML 5与CSS 3权威指南（第4版·下册）,55.30
张俊红 （著） | 电子工业出版社 | 9787121357930 | 2019-1-1出版 | 2019-2-14 上架,对比Excel，轻松学习Python数据分析,44.25
杨云 唐柱斌 （著） | 人民邮电出版社 | 9787115499608 | 2019-2-1出版 | 2019-2-13 上架,网络服务器搭建、配置与管理——Linux版（第3版）（微课版）,38.35
吴祖珍 （著） | 人民邮电出版社 | 9787115500465 | 2019-2-1出版 | 2019-2-13 上架,随身查 Excel 办公高手应用技巧,18.81
武洪萍  孟秀锦   孙灿 （著） | 人民邮电出版社 | 9787115501837 | 2019-2-1出版 | 2019-2-13 上架,MySQL数据库原理及应用（第2版）（微课版）,38.35
吴丰 （著） | 人民邮电出版社 | 9787115501844 | 2019-2-1出版 | 2019-2-13 上架,移动端APP UI设计与交互基础教程（微课版）,38.35
[美]拉塞尔·陈（Russell Chun） （著） | 人民邮电出版社 | 9787115504661 | 2019-2-1出版 | 2019-2-13 上架,Adobe Animate CC 2018经典教程,60.83
鲁丽 张翼 殷福安 （著） | 人民邮电出版社 | 9787115500519 | 2018-12-1出版 | 2019-2-13 上架,C++面向对象程序设计（微课版）,50.05
郑阿奇 刘启芬 顾韵华 （著） | 人民邮电出版社 | 9787115499967 | 2019-2-1出版 | 2019-2-13 上架,SQL Server 2016 数据库教程（附微课视频 第4版）,46.05
顾领中 （著） | 人民邮电出版社 | 9787115501332 | 2019-2-1出版 | 2019-2-13 上架,照相馆的故事——Photoshop CC 2018调色合成精修,76.23
[美]加文·海克（Gavin Hackeling） （著） | 人民邮电出版社 | 9787115503404 | 2019-2-1出版 | 2019-2-13 上架,scikit-learn机器学习 第2版,45.43
王绍锋 李淑英 （著） | 人民邮电出版社 | 9787115505514 | 2019-2-1出版 | 2019-2-13 上架,Python程序设计基础教程,30.65
王力 （著） | 电子工业出版社 | 9787121354601 | 2019-3-1出版 | 2019-2-13 上架,Nginx实战：基于Lua语言的配置、开发与架构详解,59.25
世纪互联蓝云公司 （著） | 电子工业出版社 | 9787121354762 | 2019-1-1出版 | 2019-2-13 上架,Microsoft Power BI 智能大数据分析,43.50
余春龙 （著） | 电子工业出版社 | 9787121356032 | 2019-1-1出版 | 2019-2-13 上架,软件架构设计：大型网站技术架构与业务架构融合之道,59.25
黄玲芳 （著） | 电子工业出版社 | 9787121356629 | 2019-1-1出版 | 2019-2-13 上架,Visual FoxPro程序设计,31.50
柳炳祥 （著） | 电子工业出版社 | 9787121356636 | 2019-1-1出版 | 2019-2-13 上架,信息类学生专业毕业设计（论文）指导,28.50
谢乾坤 （著） | 电子工业出版社 | 9787121358807 | 2019-1-1出版 | 2019-2-13 上架,左手MongoDB，右手Redis——从入门到商业实战,63.20
胡仁喜;康士廷 （著） | 机械工业出版社* | 9787111613817 | 2019-1-1出版 | 2019-2-2 上架,ANSYS19.0有限元分析从入门到精通,103.20
汪卫星 （著） | 电子工业出版社 | 9787121308147 | 2017-2-1出版 | 2019-2-1 上架,计算机应用基础项目化教程（windows 7+office 2010）,28.80
李杏林 （著） | 清华大学出版社 | 9787302478638 | 2017-8-1出版 | 2019-2-1 上架,Word/Excel/PPT 2016办公应用实战秘技250招,39.84
CAE技术联盟 （著） | 清华大学出版社 | 9787302513094 | 2018-12-1出版 | 2019-2-1 上架,AutoCAD 2018中文版入门与提高——电气设计,63.84
何美英 （著） | 清华大学出版社 | 9787302512165 | 2019-1-1出版 | 2019-2-1 上架,玩转手机淘宝--装修、运营与推广,54.40
容华建 （著） | 清华大学出版社 | 9787302518792 | 2019-1-1出版 | 2019-2-1 上架,Photoshop CC中文版案例培训教程,39.84
缪鹏 （著） | 清华大学出版社 | 9787302517900 | 2019-1-1出版 | 2019-2-1 上架,深度学习实践:计算机视觉,63.20
吉淑娇、商微微、雷艳敏 （著） | 清华大学出版社 | 9787302512547 | 2019-1-1出版 | 2019-2-1 上架,LabVIEW程序设计与应用,39.20
谭火彬 （著） | 清华大学出版社 | 9787302506980 | 2018-12-1出版 | 2019-1-30 上架,UML2面向对象分析与设计（第2版）/高等学校软件工程专业系列教材,47.60
Storm （著） | 人民邮电出版社 | 9787115503411 | 2019-2-1出版 | 2019-1-30 上架,接口自动化测试持续集成 Postman+Newman+Git+Jenkins+钉钉,50.05
黄钊吉 熊章立 （著） | 人民邮电出版社 | 9787115502421 | 2019-2-1出版 | 2019-1-30 上架,SQL Server On Linux运维实战,76.23
水木居士 （著） | 人民邮电出版社 | 9787115482761 | 2019-1-1出版 | 2019-1-30 上架,After Effects CS6实用教程,45.43
杨云 林哲 （著） | 人民邮电出版社 | 9787115495679 | 2019-2-1出版 | 2019-1-29 上架,Linux网络操作系统项目教程（RHEL 7.4/CentOS 7.4）（第3版）（微课版）,38.35
徐栋 （著） | 人民邮电出版社 | 9787115499752 | 2019-2-1出版 | 2019-1-29 上架,Office 2013办公软件高级应用立体化教程(微课版),36.96
郭志勇 （著） | 人民邮电出版社 | 9787115504210 | 2019-2-1出版 | 2019-1-29 上架,单片机应用技术项目教程（微课版）,46.05
赵建保 （著） | 人民邮电出版社 | 9787115499165 | 2019-2-1出版 | 2019-1-29 上架,JavaScript前端开发模块化教程,46.05
普运伟 （著） | 人民邮电出版社 | 9787115504197 | 2019-2-1出版 | 2019-1-29 上架,Java程序设计（微课版）,34.50
王爱华 刘锡冬 （著） | 人民邮电出版社 | 9787115494917 | 2019-2-1出版 | 2019-1-29 上架,PHP网站开发项目式教程（微课版）,38.35
田春瑾 （著） | 人民邮电出版社 | 9787115504203 | 2019-2-1出版 | 2019-1-29 上架,Java程序设计习题与实践（微课版）,25.26
肖睿 杨菊英 李丹 （著） | 人民邮电出版社 | 9787115503091 | 2019-2-1出版 | 2019-1-29 上架,移动UI界面设计,30.65
[德]奥马尔·海德希尔（Omar Khedher）;[印]坚登·杜塔·乔杜里（Chandan Dutta Chowdhury） （著） | 机械工业出版社 | 9787111616825 | 2019-1-23出版 | 2019-1-27 上架,精通OpenStack（原书第2版）,62.30
张诚 张琦 （著） | 机械工业出版社 | 9787111618355 | 2019-1-25出版 | 2019-1-27 上架,商业数据科学：数据价值与机器学习实战,41.30
朝乐门 （著） | 电子工业出版社 | 9787121344404 | 2019-1-1出版 | 2019-1-26 上架,Python编程：从数据分析到数据科学,54.40
龚曦 （著） | 电子工业出版社 | 9787121350047 | 2019-1-1出版 | 2019-1-26 上架,互联网企业容器技术实践,51.75
李杰臣 牟恩静 （著） | 机械工业出版社 | 9787111616641 | 2019-1-14出版 | 2019-1-25 上架,商业智能：从Excel到Power BI的数据可视化（动态图表篇）,41.86
[美]凯瑟琳·麦克尔罗伊（Kathryn McElroy） （著） | 机械工业出版社 | 9787111616269 | 2019-1-21出版 | 2019-1-24 上架,原型设计：打造成功产品的实用方法及实践,55.30
凯尔·马克兰（Kyle Markland） （著） | 机械工业出版社* | 9787111615842 | 2019-1-1出版 | 2019-1-24 上架,玩转乐高EV3：搭建和编程AI机器人,55.20
优逸客科技有限公司 （著） | 机械工业出版社* | 9787111615248 | 2019-1-1出版 | 2019-1-24 上架,移动UI设计三大利器：Photoshop+Illustrator+Sketch,63.20
迈克尔＆#8226;W. 贝瑞（Michael W. Berry）   雅克布＆#8226;柯岗（Jacob Kogan） （著） | 机械工业出版社* | 9787111570509 | 2019-1-1出版 | 2019-1-24 上架,文本挖掘,39.20
北京兆迪科技有限公司 （著） | 机械工业出版社* | 9787111614142 | 2019-1-1出版 | 2019-1-24 上架,UG NX 12.0曲面设计教程,55.92
刘冬芳 王艳 韩校粉 王敏 （著） | 机械工业出版社* | 9787111615798 | 2019-1-1出版 | 2019-1-24 上架,SOLIDWORKS 2018中文版曲面·钣金·焊接设计完全自学手册 第2版,79.20
张静 （著） | 机械工业出版社* | 9787111612742 | 2019-1-1出版 | 2019-1-24 上架,网旋风：Animate动画广告创意直播,63.92
优逸客科技有限公司 （著） | 机械工业出版社* | 9787111612629 | 2019-1-1出版 | 2019-1-24 上架,全栈开发实战宝典,79.20
点金文化 （著） | 电子工业出版社 | 9787121316234 | 2017-7-1出版 | 2019-1-24 上架,Word/Excel/PPT 2016商务办公一本通（超值全彩版）,39.20
中国网络空间研究院 （著） | 电子工业出版社 | 9787121354397 | 2018-12-1出版 | 2019-1-24 上架,世界互联网发展报告2018,158.40
中国网络空间研究院 （著） | 电子工业出版社 | 9787121354403 | 2018-12-1出版 | 2019-1-24 上架,中国互联网发展报告2018,134.40
明哲 （著） | 电子工业出版社 | 9787121325335 | 2019-1-1出版 | 2019-1-24 上架,Linux系统架构与运维实战,74.25
丰生强 （著） | 电子工业出版社 | 9787121355202 | 2019-1-1出版 | 2019-1-24 上架,Android软件安全权威指南,76.00
崔秀龙 （著） | 电子工业出版社 | 9787121359644 | 2019-1-1出版 | 2019-1-24 上架,深入浅出Istio：Service Mesh快速入门与实践,59.25
李艳鹏; 曲源; 宋扬 （著） | 电子工业出版社 | 9787121359545 | 2019-3-1出版 | 2019-1-24 上架,互联网轻量级SSM框架解密：Spring、Spring MVC、MyBatis源码深度剖析,81.75
亿瑞设计 （著） | 清华大学出版社 | 9787302495611 | 2018-7-1出版 | 2019-1-24 上架,Photoshop CS6中文版从入门到精通（微课视频实例版）,79.84
Galloway;[美] Brad Wilson;[美] K.Scott Allen （著） | 清华大学出版社 | 9787302390626 | 2018-8-1出版 | 2019-1-24 上架,ASP.NET MVC 5高级编程(第5版),63.84
姬莉霞;李学相;韩颖;刘成明 （著） | 清华大学出版社 | 9787302459699 | 2018-9-1出版 | 2019-1-24 上架,HTML5+CSS3网页设计与制作案例教程,62.40
徐理虹  林玮  钱小鸿  何东 （著） | 清华大学出版社 | 9787302510659 | 2018-11-1出版 | 2019-1-24 上架,智慧金融（第二版）,54.40
赵丁选、巩明德、倪涛 （著） | 清华大学出版社 | 9787302511519 | 2018-11-1出版 | 2019-1-24 上架,工程机械手册——铲土运输机械,254.40
罗涛 （著） | 清华大学出版社 | 9787302515333 | 2018-11-1出版 | 2019-1-24 上架,交互设计语言——与万物对话的艺术,103.20
CAE技术联盟 （著） | 清华大学出版社 | 9787302500803 | 2018-12-1出版 | 2019-1-24 上架,AutoCAD 2018中文版入门与提高——标准教程,63.84
徐效美   董刚   高文卿  苏庆堂  董耀平 李奕瑶 （著） | 清华大学出版社 | 9787302515180 | 2018-12-1出版 | 2019-1-24 上架,Access2016数据库应用实验教程,23.84
CAE技术联盟 （著） | 清华大学出版社 | 9787302506126 | 2018-12-1出版 | 2019-1-24 上架,AutoCAD 2018中文版入门与提高——室内设计,63.84
CAE技术联盟 （著） | 清华大学出版社 | 9787302500582 | 2018-12-1出版 | 2019-1-24 上架,AutoCAD 2018中文版入门与提高——市政工程设计,71.84
CAE技术联盟 （著） | 清华大学出版社 | 9787302501930 | 2018-12-1出版 | 2019-1-24 上架,AutoCAD 2018中文版入门与提高——建筑设计,63.84
CAE技术联盟 （著） | 清华大学出版社 | 9787302501305 | 2018-12-1出版 | 2019-1-24 上架,AutoCAD 2018中文版入门与提高——建筑水暖电设计,63.84
金洁 （著） | 清华大学出版社 | 9787302514022 | 2018-12-1出版 | 2019-1-24 上架,微课设计与制作一本通,79.20
李永华 （著） | 清华大学出版社 | 9787302511168 | 2018-12-1出版 | 2019-1-24 上架,OCF技术原理及物联网程序开发指南,79.20
顾永湘 （著） | 清华大学出版社 | 9787302510543 | 2018-12-1出版 | 2019-1-24 上架,网上开店推广与经营,54.40
张工厂、刘玉萍、罗晨 （著） | 清华大学出版社 | 9787302517283 | 2018-12-1出版 | 2019-1-24 上架,PHP 7从入门到精通（视频教学版）（第2版）,71.20
石头 （著） | 清华大学出版社 | 9787302510208 | 2018-12-1出版 | 2019-1-24 上架,从零开始学手绘板+SAI漫画绘制：板绘操作+软件讲解+线稿绘制+专训案例+上色实战,70.40
约翰·夏普（John Sharp） （著） | 清华大学出版社 | 9787302516248 | 2018-12-1出版 | 2019-1-24 上架,Visual C#从入门到精通（第9版）,111.20
王浩程 （著） | 清华大学出版社 | 9787302509325 | 2018-12-1出版 | 2019-1-24 上架,工程文化——基于实体建构的工程创新路径,38.40
杨维忠、张甜、王国平 （著） | 清华大学出版社 | 9787302514565 | 2018-12-1出版 | 2019-1-24 上架,SPSS统计分析与行业应用案例详解（第四版）,63.20
黄灯桥 （著） | 清华大学出版社 | 9787302516811 | 2018-12-1出版 | 2019-1-24 上架,ECMAScript 2018快速入门,23.20
杨维忠、陈胜可、刘荣 （著） | 清华大学出版社 | 9787302514558 | 2018-12-1出版 | 2019-1-24 上架,SPSS统计分析从入门到精通（第四版）,71.20
张驰、杨诺 （著） | 清华大学出版社 | 9787302512776 | 2018-12-1出版 | 2019-1-24 上架,成品——Final Cut Pro X影视包装剪辑从入门到精通,79.20
杨克昌 （著） | 清华大学出版社 | 9787302511335 | 2018-12-1出版 | 2019-1-24 上架,趣味数学及编程拓展,55.20
孙更新、宾晟、李晓娜 （著） | 清华大学出版社 | 9787302510345 | 2018-12-1出版 | 2019-1-24 上架,ASP+Dreamweaver动态网站开发(第2版),62.40
刘志友、汤园园、高峰、刘坤 （著） | 清华大学出版社 | 9787302514732 | 2018-12-1出版 | 2019-1-24 上架,Protel 99SE电路设计实例教程（第二版）,47.20
宓为建  副  朱福民  李万莉 （著） | 清华大学出版社 | 9787302511762 | 2018-12-1出版 | 2019-1-24 上架,工程机械手册——基础件,238.40
孔祥亮 （著） | 清华大学出版社 | 9787302508953 | 2018-12-1出版 | 2019-1-24 上架,淘宝开店做金冠,54.40
许洁 （著） | 清华大学出版社 | 9787302511144 | 2018-12-1出版 | 2019-1-24 上架,Premiere Pro CC 2018从新手到高手,63.20
大卫·科帕克(David Kopec) （著） | 清华大学出版社 | 9787302517092 | 2018-12-1出版 | 2019-1-24 上架,Swift常用算法 经典计算机科学问题的Swift实现,78.40
前端科技 （著） | 清华大学出版社 | 9787302507970 | 2018-12-1出版 | 2019-1-24 上架,Dreamweaver+Flash+Photoshop网页设计从入门到精通（微课精编版）,71.84
李华峰 （著） | 清华大学出版社 | 9787302514503 | 2018-12-1出版 | 2019-1-24 上架,Python渗透测试编程技术：方法与实践,55.20
西蒙尼？基西雷塔 (Simone Chiaretta) 杜静 敖富江 李博 （著） | 清华大学出版社 | 9787302515296 | 2018-12-1出版 | 2019-1-24 上架,Web前端开发 使用ASP.NET Core、Angular和Bootstrap,47.84
前端科技 （著） | 清华大学出版社 | 9787302501992 | 2018-12-1出版 | 2019-1-24 上架,CSS3+DIV网页样式与布局从入门到精通（微课精编版）,71.84
李韧 （著） | 清华大学出版社 | 9787302508885 | 2018-12-1出版 | 2019-1-24 上架,自适应学习--人工智能时代的教育革命,31.60
徐明明 （著） | 清华大学出版社 | 9787302505952 | 2018-12-1出版 | 2019-1-24 上架,After Effects+MAYA影视视觉效果风暴,63.20
