date,temperature,weather,wind
2015-05-01,27℃/17℃,多云/中雨,东南风3-4级/东南风4-5级
2015-05-02,21℃/13℃,中雨/阴,东北风4-5级/西北风3-4级
2015-05-03,25℃/16℃,多云/多云,东北风≤3级/东北风≤3级
2015-05-04,24℃/13℃,阴/多云,东风3-4级/东风3-4级
2015-05-05,26℃/15℃,多云/阴,东南风3-4级/东南风≤3级
2015-05-06,24℃/16℃,阴/阴,东风≤3级/东北风≤3级
2015-05-07,28℃/18℃,多云/多云,南风≤3级/东风3-4级
2015-05-08,23℃/16℃,雷阵雨/阴,东风3-4级/东风3-4级
2015-05-09,25℃/16℃,多云/多云,东风≤3级/东南风3-4级
2015-05-10,26℃/15℃,多云/小到中雨,东南风3-4级/东南风3-4级
2015-05-11,20℃/12℃,小到中雨/多云,西北风4-5级/西风5-6级
2015-05-12,27℃/15℃,晴/晴,西南风5-6级/西南风4-5级
2015-05-13,29℃/19℃,晴/多云,西南风5-6级/西南风3-4级
2015-05-14,30℃/20℃,雷阵雨/雷阵雨,南风3-4级/西南风3-4级
2015-05-15,25℃/16℃,中雨/阴,西南风3-4级/东北风4-5级
2015-05-16,25℃/15℃,多云/多云,东风3-4级/东南风≤3级
2015-05-17,27℃/20℃,多云/雷阵雨,东南风3-4级/东南风3-4级
2015-05-18,25℃/20℃,阴/多云,西南风3-4级/南风≤3级
2015-05-19,30℃/20℃,雾/多云,东南风≤3级/东北风3-4级
2015-05-20,27℃/15℃,多云/多云,东北风3-4级/东风3-4级
2015-05-21,26℃/15℃,晴/多云,东南风3-4级/东南风3-4级
2015-05-22,27℃/18℃,多云/阴,东风≤3级/东风≤3级
2015-05-23,26℃/18℃,阴/多云,东风≤3级/东风≤3级
2015-05-24,28℃/18℃,多云/晴,东北风3-4级/东南风≤3级
2015-05-25,29℃/20℃,多云/多云,东风3-4级/东风3-4级
2015-05-26,28℃/20℃,多云/小雨,东南风3-4级/东南风3-4级
2015-05-27,23℃/19℃,雷阵雨/阴,东南风3-4级/东风≤3级
2015-05-28,26℃/21℃,阴/阴,东北风3-4级/东风≤3级
2015-05-29,27℃/20℃,雷阵雨/中雨,东风4-5级/北风3-4级
2015-05-30,27℃/19℃,多云/多云,北风3-4级/东风≤3级
2015-05-31,29℃/20℃,多云/多云,东风≤3级/东南风3-4级
2015-06-01,31℃/23℃,多云/小到中雨,东南风3-4级/东南风3-4级
2015-06-02,24℃/20℃,暴雨/小雨,东北风4-5级/东北风4-5级
2015-06-03,26℃/17℃,多云/多云,东北风4-5级/东南风3-4级
2015-06-04,26℃/18℃,多云/阴,东风3-4级/西风3-4级
2015-06-05,30℃/19℃,晴/多云,西南风3-4级/西南风≤3级
2015-06-06,32℃/21℃,多云/多云,南风3-4级/东南风3-4级
2015-06-07,27℃/21℃,雷阵雨/中到大雨,东南风3-4级/东风3-4级
2015-06-08,26℃/21℃,阴/多云,东北风3-4级/南风≤3级
2015-06-09,27℃/21℃,阴/阴,南风3-4级/南风3-4级
2015-06-10,28℃/23℃,雷阵雨/阴,南风3-4级/西南风3-4级
2015-06-11,31℃/22℃,多云/多云,西风4-5级/西南风4-5级
2015-06-12,34℃/23℃,多云/多云,西南风4-5级/西南风3-4级
2015-06-13,33℃/24℃,多云/多云,西南风3-4级/西南风≤3级
2015-06-14,31℃/23℃,多云/阴,南风≤3级/东南风≤3级
2015-06-15,28℃/21℃,雷阵雨/雷阵雨,东风≤3级/南风≤3级
2015-06-16,24℃/20℃,大雨/大到暴雨,东南风3-4级/东风3-4级
2015-06-17,23℃/19℃,中到大雨/阴,东北风4-5级/东风3-4级
2015-06-18,27℃/20℃,多云/多云,东北风3-4级/东南风≤3级
2015-06-19,30℃/21℃,晴/多云,东南风≤3级/东南风≤3级
2015-06-20,29℃/21℃,多云/阴,东北风≤3级/东北风3-4级
2015-06-21,27℃/21℃,阵雨/阴,东风3-4级/东风≤3级
2015-06-22,29℃/22℃,阴/多云,东南风3-4级/东风≤3级
2015-06-23,28℃/23℃,阴/雷阵雨,东风3-4级/东风3-4级
2015-06-24,27℃/25℃,雷阵雨/雷阵雨,东风≤3级/东南风≤3级
2015-06-25,30℃/22℃,中雨/中雨,西南风3-4级/西北风3-4级
2015-06-26,26℃/22℃,中雨/大雨,西南风3-4级/东南风3-4级
2015-06-27,24℃/20℃,暴雨/大到暴雨,东风3-4级/东风3-4级
2015-06-28,24℃/21℃,中到大雨/雷阵雨,东风3-4级/东南风3-4级
2015-06-29,28℃/23℃,雷阵雨/雷阵雨,西北风3-4级/西风3-4级
2015-06-30,27℃/21℃,中雨/雷阵雨,北风3-4级/北风3-4级
2015-07-01,28℃/21℃,多云/晴,西风≤3级/南风≤3级
2015-07-02,32℃/22℃,多云/多云,东南风≤3级/东南风≤3级
2015-07-03,30℃/22℃,多云/多云,东风≤3级/东风≤3级
2015-07-04,27℃/19℃,多云/多云,东南风3-4级/东风≤3级
2015-07-05,26℃/19℃,多云/阴,东风3-4级/东风3-4级
2015-07-06,21℃/18℃,小到中雨/中雨,东风3-4级/东北风4-5级
2015-07-07,23℃/19℃,小到中雨/阵雨,东北风4-5级/东北风3-4级
2015-07-08,23℃/20℃,小到中雨/雷阵雨,东北风3-4级/东北风3-4级
2015-07-09,26℃/23℃,阴/阴,东北风3-4级/东北风3-4级
2015-07-10,30℃/23℃,多云/雷阵雨,东北风4-5级/东北风4-5级
2015-07-11,28℃/23℃,中雨/小到中雨,东北风5-6级/北风5-6级
2015-07-12,30℃/24℃,阵雨/多云,西北风5-6级/西风4-5级
2015-07-13,34℃/24℃,多云/多云,西南风3-4级/西南风3-4级
2015-07-14,35℃/25℃,多云/多云,东风≤3级/东南风≤3级
2015-07-15,33℃/24℃,多云/阴,东风3-4级/东风3-4级
2015-07-16,29℃/23℃,雷阵雨/中雨,东风3-4级/东风3-4级
2015-07-17,26℃/23℃,大雨/中雨,东风3-4级/东南风≤3级
2015-07-18,27℃/24℃,雷阵雨/中雨,西风≤3级/东风3-4级
2015-07-19,26℃/23℃,雷阵雨/雷阵雨,东风3-4级/东北风≤3级
2015-07-20,30℃/24℃,阴/阴,东北风≤3级/东北风≤3级
2015-07-21,30℃/25℃,阴/阴,东北风≤3级/东风≤3级
2015-07-22,31℃/25℃,阴/阴,东风≤3级/东风≤3级
2015-07-23,30℃/25℃,雷阵雨/大雨,南风3-4级/东南风3-4级
2015-07-24,27℃/24℃,中雨/中到大雨,西南风3-4级/西南风3-4级
2015-07-25,29℃/25℃,中雨/雷阵雨,东南风≤3级/南风≤3级
2015-07-26,31℃/26℃,雷阵雨/多云,西南风3-4级/南风3-4级
2015-07-27,33℃/27℃,多云/多云,西南风3-4级/西南风3-4级
2015-07-28,35℃/27℃,晴/晴,西南风4-5级/西南风3-4级
2015-07-29,36℃/27℃,晴/晴,西南风4-5级/西南风3-4级
2015-07-30,35℃/27℃,晴/多云,西南风4-5级/南风3-4级
2015-07-31,35℃/27℃,多云/多云,西南风4-5级/南风≤3级
2015-08-01,35℃/27℃,多云/晴,西南风4-5级/南风3-4级
2015-08-02,37℃/28℃,晴/晴,西南风4-5级/西南风3-4级
2015-08-03,37℃/28℃,晴/晴,西南风4-5级/西南风3-4级
2015-08-04,37℃/29℃,晴/晴,西南风4-5级/南风≤3级
2015-08-05,36℃/27℃,多云/多云,西南风3-4级/东南风3-4级
2015-08-06,35℃/27℃,多云/多云,东南风3-4级/东风3-4级
2015-08-07,34℃/26℃,多云/多云,东风4-5级/东风3-4级
2015-08-08,32℃/25℃,雷阵雨/雷阵雨,东风4-5级/东风4-5级
2015-08-09,28℃/25℃,中雨/大雨,东风5-6级/东风5-6级
2015-08-10,27℃/24℃,暴雨/中雨,东风5-6级/南风5-6级
2015-08-11,27℃/23℃,多云/多云,西北风4-5级/北风3-4级
2015-08-12,28℃/24℃,多云/多云,东北风3-4级/东风≤3级
2015-08-13,31℃/23℃,多云/多云,东风3-4级/东风≤3级
2015-08-14,31℃/24℃,多云/阴,东南风3-4级/东南风≤3级
2015-08-15,31℃/24℃,雷阵雨/阴,东南风3-4级/东风≤3级
2015-08-16,31℃/23℃,多云/多云,东风≤3级/东风≤3级
2015-08-17,31℃/24℃,多云/多云,东风≤3级/东风3-4级
2015-08-18,30℃/24℃,多云/阴,东风3-4级/东风3-4级
2015-08-19,30℃/24℃,阴/暴雨,东风3-4级/东南风4-5级
2015-08-20,27℃/23℃,阵雨/阴,西风3-4级/北风3-4级
2015-08-21,28℃/23℃,阴/阴,北风3-4级/东风≤3级
2015-08-22,28℃/21℃,阴/多云,东北风3-4级/东风3-4级
2015-08-23,28℃/21℃,阴/阴,东北风3-4级/东北风3-4级
2015-08-24,27℃/21℃,阵雨/阴,东北风4-5级/北风4-5级
2015-08-25,29℃/22℃,多云/多云,西北风3-4级/西北风≤3级
2015-08-26,30℃/22℃,多云/多云,西风3-4级/西北风≤3级
2015-08-27,30℃/22℃,雷阵雨/多云,西北风≤3级/东北风≤3级
2015-08-28,30℃/21℃,多云/多云,东北风≤3级/东北风≤3级
2015-08-29,30℃/22℃,多云/多云,东北风≤3级/东风≤3级
2015-08-30,30℃/22℃,多云/多云,东风≤3级/东风3-4级
2015-08-31,31℃/22℃,多云/多云,东风≤3级/东风≤3级
2015-09-01,30℃/22℃,雷阵雨/阴,北风≤3级/西北风3-4级
2015-09-02,31℃/22℃,多云/晴,西北风3-4级/西北风3-4级
2015-09-03,30℃/21℃,晴/多云,东北风≤3级/东风≤3级
2015-09-04,31℃/24℃,雷阵雨/中到大雨,东风3-4级/东南风3-4级
2015-09-05,28℃/22℃,阴/多云,西北风3-4级/北风3-4级
2015-09-06,28℃/21℃,多云/多云,东北风3-4级/东北风≤3级
2015-09-07,28℃/21℃,多云/晴,东北风3-4级/东北风≤3级
2015-09-08,29℃/20℃,晴/晴,东风3-4级/东北风≤3级
2015-09-09,28℃/20℃,晴/晴,东北风3-4级/东北风3-4级
2015-09-10,28℃/19℃,晴/多云,东北风≤3级/东北风≤3级
2015-09-11,27℃/20℃,阴/阴,东北风≤3级/北风3-4级
2015-09-12,26℃/16℃,多云/晴,北风3-4级/北风3-4级
2015-09-13,25℃/18℃,晴/多云,东北风≤3级/东北风≤3级
2015-09-14,27℃/20℃,多云/阴,东风3-4级/东风≤3级
2015-09-15,27℃/19℃,阴/阴,东风3-4级/东风3-4级
2015-09-16,27℃/17℃,多云/多云,东北风3-4级/东北风≤3级
2015-09-17,27℃/18℃,多云/多云,东北风≤3级/东风≤3级
2015-09-18,27℃/19℃,多云/多云,东风≤3级/东风≤3级
2015-09-19,28℃/20℃,多云/多云,东风≤3级/东风≤3级
2015-09-20,28℃/18℃,多云/多云,东南风3-4级/东风≤3级
2015-09-21,28℃/20℃,多云/阴,东南风3-4级/东风3-4级
2015-09-22,27℃/22℃,阵雨/雷阵雨,东南风3-4级/东风≤3级
2015-09-23,27℃/20℃,阴/多云,西北风3-4级/东北风3-4级
2015-09-24,27℃/20℃,阴/阵雨,东风≤3级/东北风≤3级
2015-09-25,27℃/19℃,阴/阴,东北风≤3级/东北风≤3级
2015-09-26,28℃/19℃,多云/多云,东北风≤3级/东北风≤3级
2015-09-27,27℃/18℃,多云/多云,东北风≤3级/东北风≤3级
2015-09-28,28℃/21℃,多云/多云,东北风4-5级/东北风5-6级
2015-09-29,25℃/21℃,阵雨/阵雨,东风5-6级/东风5-6级
2015-09-30,27℃/17℃,雷阵雨/大雨,东北风4-5级/西北风4-5级
2015-10-01,23℃/14℃,阵雨/多云,西北风5-6级/西北风4-5级
2015-10-02,24℃/14℃,晴/晴,南风3-4级/东南风≤3级
2015-10-03,25℃/17℃,多云/多云,东风≤3级/东风≤3级
2015-10-04,25℃/18℃,阴/阵雨,东风3-4级/东风≤3级
2015-10-05,22℃/18℃,阴/多云,东风≤3级/东风≤3级
2015-10-06,23℃/19℃,阴/阵雨,东风≤3级/东风3-4级
2015-10-07,22℃/18℃,阵雨/阵雨,东风3-4级/东北风4-5级
2015-10-08,22℃/15℃,阴/多云,北风3-4级/北风≤3级
2015-10-09,22℃/12℃,多云/晴,西北风3-4级/西风3-4级
2015-10-10,23℃/10℃,多云/晴,西北风4-5级/西北风3-4级
2015-10-11,21℃/10℃,晴/晴,西风3-4级/北风≤3级
2015-10-12,23℃/11℃,晴/晴,北风≤3级/北风≤3级
2015-10-13,24℃/12℃,晴/多云,南风3-4级/东南风3-4级
2015-10-14,25℃/12℃,多云/多云,东风≤3级/东南风≤3级
2015-10-15,25℃/13℃,多云/晴,东南风≤3级/东南风≤3级
2015-10-16,26℃/15℃,晴/晴,东风≤3级/东风≤3级
2015-10-17,26℃/15℃,晴/晴,东风≤3级/东风3-4级
2015-10-18,25℃/14℃,多云/多云,东风3-4级/东风3-4级
2015-10-19,24℃/15℃,多云/多云,东风3-4级/东风3-4级
2015-10-20,25℃/16℃,多云/多云,东风3-4级/东风3-4级
2015-10-21,25℃/16℃,多云/多云,东风3-4级/东风3-4级
2015-10-22,25℃/16℃,多云/多云,东风3-4级/东风3-4级
2015-10-23,25℃/17℃,多云/多云,东风3-4级/东风≤3级
2015-10-24,26℃/17℃,多云/多云,东北风3-4级/东北风3-4级
2015-10-25,23℃/17℃,多云/阴,东北风3-4级/东风3-4级
2015-10-26,24℃/14℃,阵雨/小雨,东风3-4级/西北风4-5级
2015-10-27,19℃/11℃,多云/多云,西北风4-5级/东风≤3级
2015-10-28,18℃/13℃,多云/阴,东风≤3级/东北风3-4级
2015-10-29,17℃/12℃,阴/阴,东北风3-4级/东北风3-4级
2015-10-30,18℃/11℃,多云/多云,东北风4-5级/东北风3-4级
2015-10-31,17℃/10℃,多云/小雨,东北风3-4级/东北风3-4级
2015-11-01,17℃/8℃,多云/晴,西北风3-4级/西风≤3级
2015-11-02,19℃/8℃,晴/晴,东风≤3级/东风≤3级
2015-11-03,20℃/13℃,多云/多云,东风3-4级/东南风3-4级
2015-11-04,20℃/14℃,阴/阴,东风3-4级/东风≤3级
2015-11-05,23℃/17℃,小雨/小雨,东风3-4级/东风3-4级
2015-11-06,25℃/16℃,小雨/小到中雨,东南风3-4级/东风3-4级
2015-11-07,15℃/12℃,小雨/小雨,西北风3-4级/北风3-4级
2015-11-08,16℃/9℃,小雨/阴,北风3-4级/西北风3-4级
2015-11-09,17℃/8℃,多云/多云,北风3-4级/东北风3-4级
2015-11-10,15℃/10℃,阴/多云,东北风3-4级/东风3-4级
2015-11-11,15℃/11℃,多云/阴,东风3-4级/东风3-4级
2015-11-12,15℃/12℃,小雨/小到中雨,东北风3-4级/东北风3-4级
2015-11-13,16℃/11℃,阴/阴,西北风3-4级/西风≤3级
2015-11-14,18℃/10℃,多云/多云,北风≤3级/东风≤3级
2015-11-15,18℃/14℃,阴/小到中雨,东风3-4级/东风3-4级
2015-11-16,18℃/13℃,阴/小雨,东北风3-4级/东北风3-4级
2015-11-17,16℃/12℃,小雨/小雨,东北风3-4级/东北风3-4级
2015-11-18,15℃/11℃,小雨/小雨,东北风3-4级/东北风3-4级
2015-11-19,12℃/10℃,小雨/阴,东北风3-4级/东风3-4级
2015-11-20,15℃/12℃,阴/阴,东风3-4级/东风3-4级
2015-11-21,15℃/13℃,阴/小雨,东风3-4级/东风3-4级
2015-11-22,17℃/14℃,小雨/小雨,东风3-4级/东风≤3级
2015-11-23,15℃/6℃,阴/小雨,东北风4-5级/东北风4-5级
2015-11-24,9℃/2℃,小到中雨/小到中雨,东北风5-6级/北风5-6级
2015-11-25,6℃/-1℃,阴/多云,西北风4-5级/西北风5-6级
2015-11-26,3℃/-4℃,晴/晴,西北风4-5级/西北风3-4级
2015-11-27,5℃/2℃,晴/多云,东南风≤3级/南风≤3级
2015-11-28,12℃/7℃,多云/阴,南风≤3级/南风≤3级
2015-11-29,16℃/6℃,多云/晴,西风≤3级/东北风≤3级
2015-11-30,15℃/9℃,多云/多云,东风≤3级/东风≤3级
2015-12-01,17℃/7℃,多云/阴,东南风3-4级/西北风3-4级
2015-12-02,13℃/3℃,多云/晴,西北风4-5级/西北风4-5级
2015-12-03,10℃/-1℃,晴/晴,西北风4-5级/西北风3-4级
2015-12-04,10℃/4℃,晴/多云,西风≤3级/东南风≤3级
2015-12-05,8℃/2℃,阴/阴,东风≤3级/西风≤3级
2015-12-06,10℃/1℃,多云/晴,北风≤3级/东北风≤3级
2015-12-07,12℃/3℃,多云/晴,东风≤3级/东风≤3级
2015-12-08,14℃/8℃,晴/多云,东风3-4级/东南风3-4级
2015-12-09,12℃/9℃,小雨/小雨,东风3-4级/西北风3-4级
2015-12-10,12℃/8℃,小雨/阴,西北风3-4级/北风4-5级
2015-12-11,11℃/2℃,多云/多云,北风3-4级/东北风3-4级
2015-12-12,10℃/3℃,晴/多云,东北风≤3级/东北风≤3级
2015-12-13,8℃/3℃,阴/阴,北风≤3级/西北风≤3级
2015-12-14,10℃/4℃,多云/多云,西北风≤3级/西北风3-4级
2015-12-15,11℃/0℃,多云/多云,西北风3-4级/西北风4-5级
2015-12-16,6℃/-4℃,晴/晴,西北风5-6级/西北风4-5级
2015-12-17,6℃/-2℃,晴/晴,西北风≤3级/东北风≤3级
2015-12-18,7℃/-1℃,晴/多云,东风≤3级/东风≤3级
2015-12-19,9℃/5℃,多云/小雨,东风3-4级/东风3-4级
2015-12-20,8℃/1℃,小雨/阴,西风≤3级/西风3-4级
2015-12-21,11℃/5℃,多云/阴,东风≤3级/东风≤3级
2015-12-22,11℃/6℃,阴/雾,东风≤3级/北风≤3级
2015-12-23,11℃/7℃,阴/小雨,东北风≤3级/东北风3-4级
2015-12-24,9℃/5℃,小雨/阴,东北风≤3级/北风≤3级
2015-12-25,11℃/3℃,多云/晴,西风3-4级/西南风3-4级
2015-12-26,14℃/4℃,多云/多云,西南风≤3级/西风3-4级
2015-12-27,10℃/2℃,阴/多云,东北风4-5级/东北风3-4级
2015-12-28,7℃/0℃,多云/多云,东北风≤3级/东风≤3级
2015-12-29,9℃/1℃,多云/晴,东南风≤3级/东南风≤3级
2015-12-30,12℃/0℃,晴/晴,西风≤3级/西北风≤3级
2015-12-31,10℃/0℃,晴/晴,东北风≤3级/东风≤3级
2016-01-01,11℃/4℃,多云/多云,东南风≤3级/南风≤3级
2016-01-02,15℃/7℃,多云/小雨,西南风≤3级/西南风≤3级
2016-01-03,16℃/7℃,多云/阴,西南风≤3级/东北风≤3级
2016-01-04,13℃/6℃,小雨/小到中雨,东北风3-4级/东北风4-5级
2016-01-05,8℃/6℃,阴/阴,东北风4-5级/东北风4-5级
2016-01-06,8℃/3℃,阴/多云,北风3-4级/北风3-4级
2016-01-07,8℃/-1℃,阴/阴,北风3-4级/北风3-4级
2016-01-08,7℃/-1℃,多云/晴,北风≤3级/东风≤3级
2016-01-09,9℃/3℃,多云/阴,东风≤3级/东风≤3级
2016-01-10,10℃/3℃,小雨/小雨,东风3-4级/东北风3-4级
2016-01-11,6℃/0℃,小雨/雨夹雪,东北风4-5级/东北风4-5级
2016-01-12,4℃/-2℃,阴/阴,东北风3-4级/东北风3-4级
2016-01-13,5℃/-3℃,多云/多云,西风3-4级/西风≤3级
2016-01-14,8℃/-2℃,多云/多云,西南风≤3级/南风≤3级
2016-01-15,9℃/-2℃,晴/晴,东南风≤3级/东南风≤3级
2016-01-16,11℃/3℃,多云/小雨,东风≤3级/东北风≤3级
2016-01-17,8℃/-1℃,阴/晴,北风4-5级/北风4-5级
2016-01-18,5℃/-4℃,晴/晴,北风4-5级/北风3-4级
2016-01-19,4℃/-4℃,晴/多云,东风3-4级/东北风3-4级
2016-01-20,4℃/0℃,雨夹雪/中到大雪,东风3-4级/东风3-4级
2016-01-21,1℃/-1℃,小雪/小雪,东风3-4级/东北风3-4级
2016-01-22,2℃/-5℃,小到中雪/小雪,东北风4-5级/东北风4-5级
2016-01-23,0℃/-9℃,阴/多云,西北风5-6级/西北风5-6级
2016-01-24,-5℃/-8℃,晴/晴,西北风5-6级/西北风5-6级
2016-01-25,2℃/-6℃,晴/晴,西南风3-4级/西风3-4级
2016-01-26,6℃/-2℃,晴/多云,南风3-4级/南风≤3级
2016-01-27,8℃/4℃,多云/小雨,东南风≤3级/东风≤3级
2016-01-28,6℃/3℃,小雨/小到中雨,东北风3-4级/东北风3-4级
2016-01-29,5℃/0℃,小雨/雨夹雪,东北风4-5级/东北风4-5级
2016-01-30,4℃/-1℃,雨夹雪/阴,东北风3-4级/东北风3-4级
2016-01-31,4℃/-3℃,雨夹雪/小雪,东北风3-4级/东北风4-5级
2016-02-01,2℃/-4℃,多云/多云,西北风3-4级/西北风3-4级
2016-02-02,5℃/-4℃,多云/多云,西北风≤3级/东风≤3级
2016-02-03,7℃/-3℃,晴/多云,东风≤3级/东风≤3级
2016-02-04,7℃/-1℃,阴/阴,东北风≤3级/北风≤3级
2016-02-05,9℃/-2℃,多云/阴,西北风3-4级/西北风3-4级
2016-02-06,7℃/-3℃,多云/晴,西北风3-4级/西风3-4级
2016-02-07,11℃/-2℃,多云/多云,西南风3-4级/西风3-4级
2016-02-08,15℃/3℃,晴/晴,西南风3-4级/西南风3-4级
2016-02-09,17℃/6℃,多云/多云,东南风3-4级/南风3-4级
2016-02-10,21℃/11℃,多云/阵雨,南风3-4级/南风3-4级
2016-02-11,20℃/11℃,雷阵雨/多云,南风≤3级/东南风≤3级
2016-02-12,16℃/6℃,雷阵雨/小到中雨,东南风3-4级/南风4-5级
2016-02-13,11℃/1℃,阵雨/阴,西北风5-6级/西北风5-6级
2016-02-14,5℃/-4℃,阴/多云,西北风4-5级/西北风3-4级
2016-02-15,7℃/-1℃,晴/晴,西风3-4级/西风3-4级
2016-02-16,10℃/1℃,多云/晴,西风3-4级/西风≤3级
2016-02-17,12℃/3℃,多云/多云,西南风≤3级/南风3-4级
2016-02-18,16℃/4℃,多云/多云,西南风3-4级/东风3-4级
2016-02-19,13℃/3℃,阴/多云,西北风3-4级/北风3-4级
2016-02-20,12℃/0℃,多云/多云,北风3-4级/东风3-4级
2016-02-21,11℃/5℃,阴/小雨,东风3-4级/东风3-4级
2016-02-22,8℃/4℃,小雨/阴,东风3-4级/东北风≤3级
2016-02-23,11℃/1℃,多云/阴,东北风4-5级/东北风3-4级
2016-02-24,10℃/1℃,晴/多云,东北风3-4级/南风≤3级
2016-02-25,13℃/3℃,多云/多云,南风≤3级/南风≤3级
2016-02-26,17℃/6℃,多云/多云,西南风3-4级/西南风≤3级
2016-02-27,19℃/8℃,晴/晴,西南风3-4级/西南风3-4级
2016-02-28,16℃/2℃,多云/多云,西北风4-5级/北风3-4级
2016-02-29,11℃/0℃,晴/晴,北风3-4级/东风3-4级
2016-03-01,13℃/4℃,晴/多云,东南风3-4级/东南风≤3级
2016-03-02,18℃/7℃,多云/多云,东南风≤3级/南风≤3级
2016-03-03,19℃/11℃,阴/小雨,南风≤3级/东南风≤3级
2016-03-04,20℃/13℃,阵雨/阴,南风3-4级/东南风3-4级
2016-03-05,19℃/10℃,阵雨/阴,西风3-4级/东北风3-4级
2016-03-06,20℃/9℃,多云/多云,东北风3-4级/东南风3-4级
2016-03-07,21℃/3℃,阴/小雨,东南风3-4级/东北风4-5级
2016-03-08,8℃/2℃,中到大雨/小雨,东北风4-5级/东北风5-6级
2016-03-09,7℃/1℃,阴/阴,东北风4-5级/东北风4-5级
2016-03-10,7℃/0℃,多云/多云,东北风4-5级/西南风3-4级
2016-03-11,11℃/2℃,多云/多云,西南风≤3级/东南风3-4级
2016-03-12,14℃/7℃,多云/小雨,东南风3-4级/东南风3-4级
2016-03-13,15℃/5℃,小雨/多云,东北风3-4级/北风≤3级
2016-03-14,14℃/4℃,晴/多云,东风3-4级/东风3-4级
2016-03-15,14℃/6℃,多云/阴,东南风3-4级/东南风3-4级
2016-03-16,18℃/10℃,多云/阴,东风≤3级/东风≤3级
2016-03-17,17℃/12℃,小雨/阵雨,东南风≤3级/东风≤3级
2016-03-18,18℃/12℃,阴/阴,西风≤3级/东北风≤3级
2016-03-19,19℃/8℃,多云/多云,东北风3-4级/东风3-4级
2016-03-20,18℃/7℃,多云/多云,东风3-4级/东风3-4级
2016-03-21,17℃/8℃,多云/多云,东风3-4级/东风3-4级
2016-03-22,16℃/10℃,多云/阴,东风3-4级/东北风3-4级
2016-03-23,14℃/4℃,多云/多云,东北风4-5级/东北风4-5级
2016-03-24,12℃/4℃,多云/多云,东北风4-5级/东北风3-4级
2016-03-25,15℃/3℃,多云/多云,北风3-4级/南风≤3级
2016-03-26,15℃/4℃,阵雨/多云,西北风3-4级/西风3-4级
2016-03-27,18℃/6℃,多云/晴,西风3-4级/西风3-4级
2016-03-28,21℃/10℃,多云/多云,西南风3-4级/西南风3-4级
2016-03-29,21℃/13℃,多云/阴,西南风3-4级/西南风≤3级
2016-03-30,19℃/13℃,阵雨/阵雨,南风≤3级/南风≤3级
2016-03-31,19℃/10℃,阴/多云,东南风3-4级/南风≤3级
2016-04-01,25℃/14℃,多云/多云,南风3-4级/东南风3-4级
2016-04-02,21℃/13℃,小到中雨/中雨,东南风3-4级/东北风3-4级
2016-04-03,15℃/10℃,小到中雨/阴,东北风4-5级/东北风3-4级
2016-04-04,18℃/11℃,多云/多云,东风3-4级/东风3-4级
2016-04-05,18℃/13℃,阵雨/中到大雨,东风3-4级/东风3-4级
2016-04-06,16℃/12℃,中到大雨/中雨,东北风4-5级/北风3-4级
2016-04-07,19℃/12℃,阴/多云,南风≤3级/东南风≤3级
2016-04-08,24℃/13℃,多云/多云,东风≤3级/东风≤3级
2016-04-09,24℃/14℃,阴/多云,东南风≤3级/东南风≤3级
2016-04-10,25℃/12℃,多云/多云,东风≤3级/东风3-4级
2016-04-11,21℃/14℃,多云/阴,东南风3-4级/东风3-4级
2016-04-12,24℃/16℃,多云/多云,东风3-4级/东南风≤3级
2016-04-13,27℃/17℃,多云/多云,东风≤3级/东风≤3级
2016-04-14,28℃/16℃,多云/多云,东风3-4级/东风3-4级
2016-04-15,24℃/16℃,多云/中雨,东南风4-5级/东南风3-4级
2016-04-16,20℃/12℃,中到大雨/阴,东南风4-5级/西北风3-4级
2016-04-17,20℃/11℃,多云/阴,西风3-4级/南风≤3级
2016-04-18,23℃/12℃,晴/晴,西南风4-5级/东南风3-4级
2016-04-19,24℃/15℃,多云/雷阵雨,东南风4-5级/东南风4-5级
2016-04-20,18℃/15℃,暴雨/阵雨,东南风4-5级/北风3-4级
2016-04-21,25℃/15℃,多云/多云,西北风3-4级/西南风3-4级
2016-04-22,27℃/15℃,多云/雷阵雨,南风3-4级/东风3-4级
2016-04-23,17℃/14℃,阵雨/阴,东风4-5级/东风3-4级
2016-04-24,18℃/13℃,阴/阴,东风3-4级/东风3-4级
2016-04-25,21℃/14℃,阴/雷阵雨,东南风3-4级/东风3-4级
2016-04-26,17℃/12℃,阵雨/阵雨,东风3-4级/东北风3-4级
2016-04-27,15℃/11℃,小雨/多云,西北风3-4级/西北风3-4级
2016-04-28,23℃/12℃,多云/晴,西北风3-4级/东南风≤3级
2016-04-29,25℃/15℃,晴/晴,南风3-4级/南风3-4级
2016-04-30,28℃/17℃,晴/晴,南风3-4级/南风3-4级
2016-05-01,29℃/20℃,多云/雷阵雨,南风3-4级/南风3-4级
2016-05-02,25℃/16℃,中雨/雷阵雨,南风3-4级/西风3-4级
2016-05-03,25℃/14℃,晴/晴,西风4-5级/西南风3-4级
2016-05-04,29℃/19℃,多云/阴,南风3-4级/东南风3-4级
2016-05-05,25℃/20℃,小到中雨/阴,东南风3-4级/南风3-4级
2016-05-06,27℃/18℃,阴/阴,西风3-4级/东风3-4级
2016-05-07,20℃/14℃,雷阵雨/阴,东风3-4级/东北风3-4级
2016-05-08,19℃/15℃,阴/阴,东风3-4级/东风≤3级
2016-05-09,20℃/14℃,阵雨/阵雨,东北风3-4级/东北风3-4级
2016-05-10,22℃/13℃,多云/晴,北风3-4级/西风3-4级
2016-05-11,27℃/15℃,晴/晴,南风3-4级/东南风3-4级
2016-05-12,30℃/17℃,晴/阴,南风3-4级/东北风4-5级
2016-05-13,23℃/15℃,阴/多云,东北风4-5级/东风3-4级
2016-05-14,25℃/15℃,阴/雷阵雨,东风3-4级/东南风3-4级
2016-05-15,16℃/12℃,小到中雨/阴,西北风4-5级/西北风3-4级
2016-05-16,25℃/13℃,晴/晴,西风≤3级/东南风≤3级
2016-05-17,26℃/14℃,晴/晴,东南风3-4级/东南风3-4级
2016-05-18,25℃/15℃,多云/多云,东南风3-4级/东风3-4级
2016-05-19,26℃/18℃,多云/多云,东风3-4级/东风3-4级
2016-05-20,23℃/17℃,阵雨/中雨,东风4-5级/东风4-5级
2016-05-21,19℃/17℃,小到中雨/小雨,东北风4-5级/东北风4-5级
2016-05-22,20℃/16℃,阴/阴,东北风4-5级/北风3-4级
2016-05-23,23℃/16℃,阴/阴,西风≤3级/西风≤3级
2016-05-24,26℃/17℃,多云/多云,西南风3-4级/南风3-4级
2016-05-25,28℃/21℃,多云/雷阵雨,东南风≤3级/南风3-4级
2016-05-26,26℃/19℃,雷阵雨/小到中雨,西风3-4级/南风3-4级
2016-05-27,22℃/19℃,小到中雨/阵雨,东风3-4级/东风3-4级
2016-05-28,23℃/19℃,阵雨/阵雨,西北风≤3级/西北风3-4级
2016-05-29,24℃/17℃,阴/多云,北风3-4级/东风3-4级
2016-05-30,27℃/21℃,多云/多云,东南风3-4级/东南风≤3级
2016-05-31,28℃/20℃,小到中雨/暴雨,东南风3-4级/东北风4-5级
2016-06-01,22℃/17℃,阵雨/阵雨,东北风4-5级/东风3-4级
2016-06-02,25℃/19℃,多云/阵雨,东风≤3级/东风3-4级
2016-06-03,20℃/17℃,阵雨/阵雨,东风3-4级/东南风3-4级
2016-06-04,24℃/16℃,阴/多云,西北风3-4级/东风≤3级
2016-06-05,27℃/19℃,多云/多云,东南风3-4级/东南风4-5级
2016-06-06,28℃/19℃,雷阵雨/中雨,东南风3-4级/东北风4-5级
2016-06-07,27℃/21℃,阴/阵雨,北风≤3级/东北风≤3级
2016-06-08,26℃/19℃,阵雨/阴,东北风3-4级/东风3-4级
2016-06-09,27℃/20℃,多云/多云,东北风3-4级/东风≤3级
2016-06-10,30℃/22℃,多云/阴,东南风3-4级/东风3-4级
2016-06-11,30℃/23℃,多云/雷阵雨,东风≤3级/东风3-4级
2016-06-12,27℃/20℃,雷阵雨/多云,东风3-4级/东风≤3级
2016-06-13,30℃/22℃,多云/多云,东南风≤3级/东南风3-4级
2016-06-14,33℃/25℃,多云/多云,西南风3-4级/南风≤3级
2016-06-15,31℃/21℃,雷阵雨/阴,西北风3-4级/西北风3-4级
2016-06-16,29℃/21℃,多云/多云,西风3-4级/西南风3-4级
2016-06-17,32℃/22℃,晴/晴,南风3-4级/南风3-4级
2016-06-18,32℃/24℃,多云/雷阵雨,南风3-4级/南风3-4级
2016-06-19,30℃/25℃,雷阵雨/小到中雨,西南风3-4级/西南风3-4级
2016-06-20,28℃/24℃,中雨/中雨,南风3-4级/南风3-4级
2016-06-21,31℃/26℃,中到大雨/中雨,南风3-4级/西南风3-4级
2016-06-22,32℃/25℃,中雨/阴,西南风3-4级/西南风≤3级
2016-06-23,33℃/24℃,雷阵雨/雷阵雨,西南风3-4级/西南风3-4级
2016-06-24,28℃/21℃,中雨/阵雨,北风3-4级/西风≤3级
2016-06-25,27℃/19℃,雷阵雨/多云,西南风3-4级/西南风3-4级
2016-06-26,28℃/21℃,多云/小到中雨,东南风3-4级/东南风3-4级
2016-06-27,25℃/20℃,雷阵雨/中雨,东南风3-4级/西南风3-4级
2016-06-28,24℃/21℃,雷阵雨/雷阵雨,南风3-4级/南风3-4级
2016-06-29,29℃/22℃,雷阵雨/阴,西南风3-4级/西南风3-4级
2016-06-30,32℃/25℃,多云/中雨,南风3-4级/南风3-4级
2016-07-01,28℃/25℃,中雨/大雨,西南风4-5级/西南风3-4级
2016-07-02,24℃/22℃,大雨/暴雨,东南风4-5级/东南风3-4级
2016-07-03,25℃/22℃,大雨/大到暴雨,南风3-4级/东风4-5级
2016-07-04,25℃/23℃,大雨/大雨,东南风4-5级/东风3-4级
2016-07-05,27℃/23℃,中雨/中雨,东北风3-4级/东风3-4级
2016-07-06,27℃/25℃,雷阵雨/雷阵雨,东风3-4级/东风3-4级
2016-07-07,29℃/24℃,中雨/阴,东南风3-4级/东风4-5级
2016-07-08,32℃/25℃,多云/多云,东风3-4级/东风3-4级
2016-07-09,30℃/24℃,多云/阵雨,东风3-4级/东风4-5级
2016-07-10,29℃/24℃,雷阵雨/雷阵雨,东风4-5级/东北风5-6级
2016-07-11,30℃/24℃,雷阵雨/阴,东北风4-5级/北风≤3级
2016-07-12,32℃/26℃,多云/多云,北风≤3级/南风≤3级
2016-07-13,32℃/26℃,中雨/雷阵雨,南风3-4级/南风3-4级
2016-07-14,30℃/25℃,中雨/雷阵雨,南风≤3级/南风≤3级
2016-07-15,30℃/22℃,中到大雨/雷阵雨,南风3-4级/西北风3-4级
2016-07-16,29℃/23℃,多云/多云,西风3-4级/南风3-4级
2016-07-17,31℃/24℃,雷阵雨/雷阵雨,南风3-4级/南风3-4级
2016-07-18,30℃/25℃,雷阵雨/阴,东南风3-4级/东南风3-4级
2016-07-19,32℃/27℃,雷阵雨/多云,东南风3-4级/东南风3-4级
2016-07-20,35℃/28℃,多云/多云,西南风4-5级/西南风3-4级
2016-07-21,35℃/28℃,多云/晴,南风4-5级/南风3-4级
2016-07-22,36℃/29℃,多云/晴,西南风4-5级/南风3-4级
2016-07-23,38℃/28℃,多云/晴,西南风3-4级/西南风≤3级
2016-07-24,38℃/29℃,晴/晴,西南风3-4级/东南风≤3级
2016-07-25,39℃/29℃,晴/晴,南风3-4级/南风≤3级
2016-07-26,39℃/29℃,晴/晴,西南风3-4级/西风≤3级
2016-07-27,37℃/30℃,多云/晴,西南风3-4级/西南风≤3级
2016-07-28,38℃/29℃,多云/晴,西南风3-4级/西南风≤3级
2016-07-29,38℃/29℃,多云/晴,西南风3-4级/南风≤3级
2016-07-30,37℃/28℃,多云/晴,东南风3-4级/东南风≤3级
2016-07-31,36℃/28℃,多云/多云,东风3-4级/东风3-4级
2016-08-01,36℃/27℃,多云/多云,东风3-4级/东风3-4级
2016-08-02,35℃/26℃,雷阵雨/雷阵雨,东风3-4级/东风3-4级
2016-08-03,31℃/25℃,雷阵雨/多云,东风3-4级/西南风3-4级
2016-08-04,31℃/26℃,雷阵雨/多云,西南风3-4级/东风3-4级
2016-08-05,32℃/26℃,雷阵雨/多云,东北风3-4级/东北风3-4级
2016-08-06,32℃/26℃,雷阵雨/多云,东风3-4级/东风≤3级
2016-08-07,33℃/26℃,雷阵雨/多云,东风3-4级/东风3-4级
2016-08-08,34℃/27℃,多云/多云,东风3-4级/东风3-4级
2016-08-09,34℃/27℃,多云/多云,东风4-5级/东风3-4级
2016-08-10,34℃/27℃,多云/多云,东风4-5级/东风3-4级
2016-08-11,35℃/27℃,多云/多云,东风4-5级/东风3-4级
2016-08-12,35℃/27℃,多云/晴,东风3-4级/东风3-4级
2016-08-13,35℃/28℃,晴/多云,东风3-4级/东风3-4级
2016-08-14,36℃/27℃,多云/晴,东风3-4级/东风3-4级
2016-08-15,35℃/27℃,晴/多云,东风3-4级/东风3-4级
2016-08-16,35℃/27℃,晴/多云,东风3-4级/东风3-4级
2016-08-17,35℃/27℃,多云/多云,东风3-4级/东风3-4级
2016-08-18,36℃/28℃,多云/多云,东风3-4级/东南风3-4级
2016-08-19,37℃/28℃,晴/多云,东南风≤3级/北风≤3级
2016-08-20,35℃/27℃,雷阵雨/阴,北风3-4级/北风≤3级
2016-08-21,33℃/27℃,雷阵雨/阴,东北风3-4级/东北风≤3级
2016-08-22,34℃/27℃,多云/多云,东风3-4级/东风3-4级
2016-08-23,34℃/26℃,多云/多云,东风3-4级/东风3-4级
2016-08-24,34℃/25℃,多云/晴,东风3-4级/东风3-4级
2016-08-25,34℃/25℃,多云/多云,东风3-4级/东北风3-4级
2016-08-26,29℃/23℃,阴/阴,东北风4-5级/北风4-5级
2016-08-27,29℃/20℃,多云/晴,北风4-5级/北风3-4级
2016-08-28,30℃/19℃,晴/晴,北风3-4级/北风3-4级
2016-08-29,30℃/20℃,晴/晴,北风3-4级/北风3-4级
2016-08-30,31℃/21℃,晴/多云,西北风3-4级/西北风3-4级
2016-08-31,32℃/22℃,多云/多云,西南风4-5级/西风4-5级
2016-09-01,33℃/22℃,多云/晴,西南风4-5级/西南风3-4级
2016-09-02,34℃/22℃,晴/晴,西风3-4级/东南风3-4级
2016-09-03,34℃/23℃,多云/多云,东南风4-5级/东南风3-4级
2016-09-04,32℃/22℃,多云/多云,东风3-4级/东风≤3级
2016-09-05,33℃/24℃,多云/阴,东风≤3级/东风≤3级
2016-09-06,27℃/22℃,阵雨/阵雨,东北风3-4级/东风≤3级
2016-09-07,29℃/22℃,阴/多云,东风≤3级/东风≤3级
2016-09-08,30℃/21℃,多云/多云,西风≤3级/东南风≤3级
2016-09-09,32℃/23℃,多云/阴,东风3-4级/东南风3-4级
2016-09-10,30℃/21℃,阴/阴,东南风3-4级/东南风3-4级
2016-09-11,30℃/20℃,多云/多云,东南风3-4级/东风≤3级
2016-09-12,30℃/20℃,多云/多云,东风3-4级/东风≤3级
2016-09-13,30℃/21℃,多云/多云,东风3-4级/东风3-4级
2016-09-14,29℃/21℃,多云/阵雨,东风3-4级/东风3-4级
2016-09-15,24℃/22℃,大雨/暴雨,东风4-5级/东风4-5级
2016-09-16,23℃/21℃,暴雨/阴,东风5-6级/西北风5-6级
2016-09-17,27℃/20℃,阴/多云,东北风4-5级/北风4-5级
2016-09-18,28℃/20℃,多云/多云,北风4-5级/北风4-5级
2016-09-19,26℃/17℃,多云/晴,北风4-5级/北风4-5级
2016-09-20,25℃/18℃,多云/多云,北风3-4级/北风3-4级
2016-09-21,25℃/18℃,阴/多云,东北风3-4级/东南风3-4级
2016-09-22,26℃/18℃,多云/晴,东风3-4级/东风3-4级
2016-09-23,28℃/19℃,多云/多云,东南风3-4级/东南风3-4级
2016-09-24,29℃/21℃,多云/多云,东南风3-4级/东风3-4级
2016-09-25,29℃/22℃,多云/多云,东风3-4级/东风3-4级
2016-09-26,30℃/23℃,多云/多云,东风3-4级/东风3-4级
2016-09-27,30℃/23℃,雷阵雨/雷阵雨,东风4-5级/东北风4-5级
2016-09-28,23℃/19℃,阵雨/中雨,东北风4-5级/东北风4-5级
2016-09-29,20℃/18℃,中雨/大雨,东北风4-5级/东北风4-5级
2016-09-30,21℃/19℃,大雨/阵雨,北风4-5级/西北风3-4级
2016-10-01,24℃/19℃,阵雨/阵雨,东风≤3级/西风≤3级
2016-10-02,24℃/20℃,阵雨/阵雨,西北风≤3级/北风≤3级
2016-10-03,26℃/18℃,多云/多云,东北风≤3级/东北风≤3级
2016-10-04,27℃/18℃,多云/多云,东北风≤3级/东北风≤3级
2016-10-05,27℃/20℃,多云/多云,东北风≤3级/东北风3-4级
2016-10-06,25℃/19℃,多云/阵雨,东风3-4级/东风3-4级
2016-10-07,20℃/17℃,中雨/小到中雨,东北风3-4级/东北风3-4级
2016-10-08,22℃/14℃,多云/晴,北风4-5级/北风4-5级
2016-10-09,21℃/14℃,多云/多云,东北风4-5级/东北风3-4级
2016-10-10,20℃/16℃,多云/阴,东北风3-4级/东北风3-4级
2016-10-11,20℃/16℃,阴/阴,东北风3-4级/东北风3-4级
2016-10-12,19℃/16℃,阴/阴,东北风3-4级/东北风≤3级
2016-10-13,20℃/16℃,阴/阵雨,东北风3-4级/东北风3-4级
2016-10-14,19℃/17℃,阴/阵雨,东风3-4级/东风3-4级
2016-10-15,22℃/18℃,阵雨/阵雨,东风4-5级/东南风3-4级
2016-10-16,24℃/17℃,阴/多云,西北风3-4级/北风≤3级
2016-10-17,23℃/18℃,多云/阴,东北风≤3级/东北风3-4级
2016-10-18,22℃/18℃,阴/阴,东北风3-4级/东风3-4级
2016-10-19,23℃/19℃,阴/小雨,东风3-4级/东风3-4级
2016-10-20,21℃/19℃,小到中雨/中雨,东风4-5级/东风3-4级
2016-10-21,21℃/19℃,小到中雨/中到大雨,东风4-5级/东北风4-5级
2016-10-22,21℃/18℃,中到大雨/小雨,东北风4-5级/东北风4-5级
2016-10-23,20℃/15℃,阴/阴,东北风4-5级/北风3-4级
2016-10-24,21℃/16℃,阴/阵雨,东风3-4级/西北风3-4级
2016-10-25,18℃/15℃,阴/中雨,北风3-4级/东风3-4级
2016-10-26,18℃/16℃,大雨/中雨,东北风3-4级/东风4-5级
2016-10-27,18℃/13℃,中到大雨/小雨,东北风4-5级/东北风3-4级
2016-10-28,15℃/11℃,小到中雨/小雨,北风4-5级/北风4-5级
2016-10-29,12℃/8℃,小雨/阴,北风3-4级/北风≤3级
2016-10-30,17℃/13℃,多云/小雨,东风3-4级/东风3-4级
2016-10-31,14℃/7℃,小雨/阴,东北风4-5级/东北风4-5级
2016-11-01,15℃/5℃,多云/晴,东北风3-4级/东北风≤3级
2016-11-02,16℃/8℃,晴/晴,东风≤3级/东南风≤3级
2016-11-03,18℃/8℃,晴/晴,东南风≤3级/南风≤3级
2016-11-04,21℃/10℃,晴/多云,南风3-4级/西南风≤3级
2016-11-05,23℃/11℃,多云/晴,西南风3-4级/东风≤3级
2016-11-06,23℃/13℃,多云/阴,东风3-4级/东风3-4级
2016-11-07,18℃/11℃,小雨/小雨,东北风3-4级/北风4-5级
2016-11-08,11℃/7℃,阴/多云,东北风4～5级/东北风3～4级
2016-11-09,12℃/8℃,阴/阴,东北风3～4级/东北风3～4级
2016-11-10,12℃/6℃,阴/晴,西南风3-4级/西南风≤3级
2016-11-11,18℃/9℃,多云/多云,南风≤3级/南风≤3级
2016-11-12,18℃/11℃,多云/阴,南风3-4级/东南风≤3级
2016-11-13,20℃/13℃,多云/阴,东南风≤3级/东南风≤3级
2016-11-14,21℃/11℃,阴/多云,北风3-4级/北风3-4级
2016-11-15,17℃/9℃,多云/阴,东风3-4级/东风3-4级
2016-11-16,15℃/11℃,小雨/小雨,东风3-4级/东风≤3级
2016-11-17,16℃/14℃,小雨/小雨,东风3-4级/东风3-4级
2016-11-18,19℃/15℃,小雨/小到中雨,西风≤3级/东北风≤3级
2016-11-19,19℃/15℃,阴/阴,西北风≤3级/东北风3-4级
2016-11-20,18℃/14℃,小雨/小雨,东北风3-4级/东风3-4级
2016-11-21,16℃/9℃,小雨/小雨,东北风4-5级/东北风4-5级
2016-11-22,6℃/2℃,小雨/雨夹雪,北风5-6级/北风5-6级
2016-11-23,3℃/-1℃,雨夹雪/多云,北风4-5级/北风3-4级
2016-11-24,5℃/-1℃,多云/多云,北风3-4级/东北风3-4级
2016-11-25,9℃/4℃,多云/小雨,东风3-4级/东风3-4级
2016-11-26,9℃/1℃,小雨/多云,西北风3-4级/西北风3-4级
2016-11-27,13℃/3℃,晴/晴,东北风3-4级/东北风3-4级
2016-11-28,12℃/3℃,多云/多云,东北风3-4级/东北风3-4级
2016-11-29,12℃/7℃,多云/小雨,东风3-4级/东北风3-4级
2016-11-30,13℃/4℃,多云/多云,西风3-4级/西北风3-4级
2016-12-01,14℃/4℃,晴/多云,西北风≤3级/东北风≤3级
2016-12-02,14℃/5℃,多云/多云,东风3-4级/东风≤3级
2016-12-03,14℃/7℃,多云/阴,东南风3-4级/西南风3-4级
2016-12-04,17℃/6℃,多云/多云,西南风3-4级/西南风3-4级
2016-12-05,18℃/4℃,多云/多云,西北风4-5级/北风4-5级
2016-12-06,10℃/2℃,晴/多云,西南风3-4级/西南风3-4级
2016-12-07,14℃/4℃,晴/多云,西风3-4级/东风3-4级
2016-12-08,17℃/5℃,晴/晴,东南风3-4级/北风3-4级
2016-12-09,13℃/5℃,晴/多云,东北风3-4级/东北风3-4级
2016-12-10,11℃/6℃,多云/多云,东风3-4级/东风3-4级
2016-12-11,12℃/7℃,阴/阴,东风4-5级/东风3-4级
2016-12-12,14℃/9℃,阴/小雨,东风3-4级/北风3-4级
2016-12-13,11℃/3℃,小雨/阴,北风4-5级/北风5-6级
2016-12-14,6℃/-2℃,多云/晴,北风4-5级/北风3-4级
2016-12-15,8℃/0℃,晴/多云,西北风3-4级/西北风3-4级
2016-12-16,9℃/-1℃,多云/晴,北风3-4级/东南风3-4级
2016-12-17,12℃/1℃,晴/多云,东南风3-4级/东南风3-4级
2016-12-18,14℃/4℃,多云/多云,东南风≤3级/东风≤3级
2016-12-19,16℃/9℃,多云/小雨,东北风3-4级/东北风≤3级
2016-12-20,12℃/10℃,小雨/小到中雨,东北风3-4级/东北风3-4级
2016-12-21,12℃/6℃,中雨/阴,西北风4-5级/西北风4-5级
2016-12-22,11℃/2℃,阴/多云,西北风4-5级/西北风3-4级
2016-12-23,10℃/3℃,多云/多云,北风3-4级/东风3-4级
2016-12-24,7℃/4℃,阴/小雨,东风3-4级/东风3-4级
2016-12-25,9℃/7℃,小雨/小到中雨,东风3-4级/东风3-4级
2016-12-26,8℃/2℃,小雨/阴,北风3-4级/北风4-5级
2016-12-27,6℃/-2℃,多云/晴,东北风4-5级/东北风3-4级
2016-12-28,7℃/-2℃,多云/晴,东北风≤3级/东北风≤3级
2016-12-29,7℃/-1℃,晴/晴,东北风3-4级/东风≤3级
2016-12-30,9℃/0℃,多云/多云,东南风≤3级/东风≤3级
2016-12-31,12℃/1℃,晴/晴,东风≤3级/东南风3-4级
2017-01-01,15℃/4℃,多云/阴,东南风3-4级/北风≤3级
2017-01-02,14℃/4℃,多云/多云,北风≤3级/东风≤3级
2017-01-03,13℃/5℃,多云/阴,东风≤3级/东风≤3级
2017-01-04,12℃/9℃,小雨/中雨,东风≤3级/东风3-4级
2017-01-05,11℃/8℃,中雨/小雨,东风3-4级/东风4-5级
2017-01-06,11℃/7℃,小雨/小到中雨,东北风4-5级/东风4-5级
2017-01-07,11℃/6℃,小雨/阴,西北风4-5级/西风4-5级
2017-01-08,8℃/1℃,阴/多云,西风4-5级/西北风3-4级
2017-01-09,8℃/2℃,多云/多云,北风3-4级/东北风3-4级
2017-01-10,8℃/4℃,阴/阴,东北风3-4级/东风≤3级
2017-01-11,8℃/4℃,多云/小雨,东北风≤3级/北风≤3级
2017-01-12,10℃/0℃,阴/多云,西风3-4级/西风3-4级
2017-01-13,11℃/-1℃,晴/晴,西南风3-4级/北风3-4级
2017-01-14,7℃/0℃,晴/多云,东风3-4级/东风3-4级
2017-01-15,6℃/0℃,多云/多云,东北风3-4级/东北风3-4级
2017-01-16,8℃/2℃,晴/多云,东风3-4级/东风3-4级
2017-01-17,9℃/3℃,多云/阴,东风3-4级/东北风3-4级
2017-01-18,7℃/5℃,小雨/小雨,东北风3-4级/东北风≤3级
2017-01-19,8℃/-2℃,阴/多云,北风3-4级/北风5-6级
2017-01-20,3℃/-4℃,晴/晴,北风5-6级/北风4-5级
2017-01-21,7℃/-3℃,晴/晴,西南风3-4级/西风≤3级
2017-01-22,6℃/-3℃,晴/晴,东风3-4级/东风3-4级
2017-01-23,7℃/-1℃,晴/晴,东风3-4级/东风3-4级
2017-01-24,8℃/0℃,多云/多云,东风3-4级/东风3-4级
2017-01-25,10℃/1℃,多云/晴,东风3-4级/东南风3-4级
2017-01-26,14℃/2℃,多云/多云,南风3-4级/西南风3-4级
2017-01-27,10℃/3℃,多云/多云,东北风4-5级/东风3-4级
2017-01-28,13℃/6℃,阴/多云,东南风3-4级/东风3-4级
2017-01-29,12℃/-1℃,小雨/小雨,西北风4-5级/北风4-5级
2017-01-30,5℃/-3℃,多云/多云,东北风4-5级/东北风3-4级
2017-01-31,6℃/0℃,多云/小雨,东北风3-4级/东北风≤3级
2017-02-01,5℃/-2℃,多云/多云,东北风3-4级/东北风≤3级
2017-02-02,8℃/1℃,多云/小雨,东风3-4级/东风3-4级
2017-02-03,6℃/5℃,小雨/小雨,东风3-4级/西北风3-4级
2017-02-04,8℃/3℃,阴/多云,西北风3-4级/西风3-4级
2017-02-05,12℃/2℃,晴/晴,东北风3-4级/东北风3-4级
2017-02-06,10℃/0℃,多云/多云,东北风4-5级/东风4-5级
2017-02-07,8℃/2℃,多云/小雨,东风3-4级/东风3-4级
2017-02-08,2℃/-2℃,小雪/阴,东北风4-5级/西北风3-4级
2017-02-09,6℃/-3℃,晴/晴,西北风4-5级/西北风3-4级
2017-02-10,7℃/-4℃,晴/晴,西北风3-4级/西北风3-4级
2017-02-11,8℃/-2℃,晴/晴,西风3-4级/西南风≤3级
2017-02-12,12℃/0℃,晴/晴,西南风3-4级/东南风3-4级
2017-02-13,15℃/2℃,晴/多云,东南风≤3级/东南风≤3级
2017-02-14,16℃/5℃,多云/多云,东南风3-4级/东南风3-4级
2017-02-15,16℃/6℃,多云/小雨,东南风3-4级/东南风3-4级
2017-02-16,17℃/8℃,小雨/阴,南风3-4级/西风3-4级
2017-02-17,10℃/2℃,阴/多云,东北风5-6级/东风3-4级
2017-02-18,13℃/3℃,晴/晴,东风3-4级/东南风3-4级
2017-02-19,21℃/6℃,多云/小雨,南风4-5级/西南风3-4级
2017-02-20,9℃/2℃,小雨/阴,东北风5-6级/东北风4-5级
2017-02-21,9℃/3℃,小雨/小到中雨,东风5-6级/东北风5-6级
2017-02-22,5℃/0℃,小雨/阴,西北风4-5级/西北风4-5级
2017-02-23,8℃/1℃,多云/多云,北风3-4级/北风≤3级
2017-02-24,10℃/0℃,晴/多云,东南风3-4级/南风3-4级
2017-02-25,13℃/2℃,多云/多云,西风≤3级/西风≤3级
2017-02-26,15℃/2℃,多云/晴,西风≤3级/东风≤3级
2017-02-27,15℃/4℃,晴/多云,东南风≤3级/东南风≤3级
2017-02-28,16℃/6℃,多云/阴,东南风3-4级/南风≤3级
2017-03-01,15℃/1℃,阴/多云,西北风5-6级/西北风4-5级
2017-03-02,11℃/1℃,晴/晴,西北风3-4级/南风3-4级
2017-03-03,15℃/3℃,多云/多云,南风3-4级/南风3-4级
2017-03-04,18℃/8℃,多云/阵雨,东风3-4级/东风≤3级
2017-03-05,17℃/6℃,阴/多云,东北风3-4级/东北风4-5级
2017-03-06,13℃/3℃,多云/多云,东北风3-4级/东风≤3级
2017-03-07,16℃/2℃,多云/多云,西风3-4级/西北风3-4级
2017-03-08,14℃/3℃,晴/晴,西北风4-5级/西北风3-4级
2017-03-09,18℃/7℃,晴/多云,南风3-4级/东风3-4级
2017-03-10,19℃/9℃,多云/多云,东风3-4级/东南风3-4级
2017-03-11,19℃/10℃,多云/阴,东南风3-4级/东风3-4级
2017-03-12,17℃/7℃,小雨/中雨,东风4-5级/东北风5-6级
2017-03-13,8℃/2℃,小雨/阴,东北风5-6级/东北风3-4级
2017-03-14,13℃/2℃,晴/晴,东北风3-4级/东风≤3级
2017-03-15,15℃/6℃,多云/阴,东南风3-4级/东南风3-4级
2017-03-16,13℃/4℃,多云/多云,东南风3-4级/东南风3-4级
2017-03-17,15℃/8℃,多云/阴,东南风3-4级/东风3-4级
2017-03-18,14℃/8℃,阴/阴,东风3-4级/东风3-4级
2017-03-19,12℃/8℃,小雨/小到中雨,东风4-5级/东风4-5级
2017-03-20,11℃/6℃,阴/多云,北风3-4级/北风3-4级
2017-03-21,15℃/7℃,多云/阴,北风3-4级/东风4-5级
2017-03-22,9℃/7℃,小雨/小雨,东风4-5级/东风3-4级
2017-03-23,9℃/7℃,阴/小雨,东北风3-4级/东北风3-4级
2017-03-24,10℃/6℃,小雨/阴,东风3-4级/东风3-4级
2017-03-25,16℃/6℃,多云/多云,西北风3-4级/西风3-4级
2017-03-26,18℃/6℃,多云/晴,西北风4-5级/西风3-4级
2017-03-27,20℃/9℃,晴/多云,西风3-4级/东南风3-4级
2017-03-28,23℃/7℃,多云/多云,西风5-6级/西北风4-5级
2017-03-29,17℃/9℃,多云/阴,东风3-4级/东风3-4级
2017-03-30,13℃/9℃,小到中雨/阵雨,东风4-5级/东风3-4级
2017-03-31,15℃/6℃,多云/多云,北风4-5级/南风3-4级
2017-04-01,18℃/8℃,晴/晴,西北风4-5级/西风3-4级
2017-04-02,22℃/10℃,晴/多云,西风3-4级/南风3-4级
2017-04-03,23℃/13℃,多云/多云,东南风4-5级/东南风3-4级
2017-04-04,19℃/15℃,阵雨/阵雨,东南风4-5级/东南风3-4级
2017-04-05,19℃/15℃,阵雨/中雨,西风3-4级/西风3-4级
2017-04-06,17℃/13℃,中到大雨/小雨,东北风4-5级/东风3-4级
2017-04-07,19℃/14℃,阴/多云,东风≤3级/东风≤3级
2017-04-08,21℃/11℃,阵雨/中到大雨,东风3-4级/东北风4-5级
2017-04-09,13℃/9℃,阵雨/小到中雨,东北风5-6级/东北风3-4级
2017-04-10,11℃/8℃,阵雨/阵雨,东北风3-4级/东北风3-4级
2017-04-11,16℃/9℃,阴/多云,西北风3-4级/北风3-4级
2017-04-12,20℃/8℃,多云/多云,东风3-4级/南风3-4级
2017-04-13,23℃/13℃,晴/晴,南风3-4级/南风3-4级
2017-04-14,27℃/15℃,晴/晴,西南风4-5级/西南风3-4级
2017-04-15,29℃/18℃,晴/多云,西南风3-4级/东风3-4级
2017-04-16,28℃/18℃,雷阵雨/小到中雨,东南风3-4级/西风4-5级
2017-04-17,25℃/17℃,多云/多云,西北风4-5级/西南风4-5级
2017-04-18,27℃/14℃,晴/晴,西北风4-5级/西北风3-4级
2017-04-19,27℃/17℃,多云/阵雨,东南风4-5级/西北风4-5级
2017-04-20,23℃/15℃,多云/多云,北风4-5级/西北风3-4级
2017-04-21,21℃/10℃,多云/多云,西北风5-6级/西北风3-4级
2017-04-22,21℃/10℃,晴/晴,北风≤3级/东南风≤3级
2017-04-23,25℃/13℃,晴/多云,南风3-4级/东南风≤3级
2017-04-24,28℃/17℃,晴/多云,南风3～4级/东南风3～4级
2017-04-25,25℃/16℃,多云/雷阵雨,东北风4-5级/东北风4-5级
2017-04-26,20℃/11℃,阴/多云,东北风4-5级/北风3-4级
2017-04-27,23℃/12℃,多云/晴,西北风3-4级/西风3-4级
2017-04-28,27℃/14℃,晴/晴,西南风4-5级/西南风3-4级
2017-04-29,29℃/16℃,晴/多云,西南风4-5级/西南风3-4级
2017-04-30,30℃/16℃,晴/多云,西南风3-4级/东南风3-4级
2017-05-01,30℃/19℃,多云/雷阵雨,东风3-4级/东风3-4级
2017-05-02,19℃/16℃,阵雨/多云,东风4-5级/东风4-5级
2017-05-03,22℃/17℃,阴/中雨,东风4-5级/东风4-5级
2017-05-04,21℃/16℃,阵雨/阴,北风4-5级/北风3-4级
2017-05-05,25℃/16℃,多云/多云,西北风4-5级/西北风3-4级
2017-05-06,24℃/18℃,多云/多云,东风3-4级/东风3-4级
2017-05-07,27℃/17℃,多云/阵雨,东南风3-4级/东风3-4级
2017-05-08,17℃/15℃,阵雨/阴,东风3-4级/西南风3-4级
2017-05-09,23℃/15℃,多云/多云,西北风4-5级/西南风3-4级
2017-05-10,30℃/19℃,晴/多云,西南风5-6级/西南风3-4级
2017-05-11,28℃/18℃,阵雨/雷阵雨,西风3-4级/北风≤3级
2017-05-12,29℃/18℃,多云/多云,南风3-4级/西南风3-4级
2017-05-13,33℃/20℃,晴/晴,南风3～4级/东风3～4级
2017-05-14,30℃/18℃,多云/多云,东风3～4级/东南风3～4级
2017-05-15,26℃/16℃,雷阵雨/阵雨,北风3～4级/东北风4～5级
2017-05-16,25℃/15℃,多云/晴,东风3-4级/东南风3-4级
2017-05-17,28℃/16℃,晴/晴,东南风3-4级/东南风3-4级
2017-05-18,30℃/19℃,晴/多云,东南风3-4级/东南风3-4级
2017-05-19,28℃/19℃,多云/阴,东南风3-4级/东南风3-4级
2017-05-20,29℃/19℃,阴/多云,东南风3-4级/东南风3-4级
2017-05-21,30℃/20℃,多云/多云,东南风3-4级/东南风3-4级
2017-05-22,30℃/21℃,晴/阵雨,东南风3-4级/东南风3-4级
2017-05-23,24℃/18℃,中雨/阵雨,东北风4-5级/北风3-4级
2017-05-24,25℃/15℃,多云/多云,北风3-4级/西北风3-4级
2017-05-25,30℃/17℃,多云/晴,西北风3-4级/西风3-4级
2017-05-26,30℃/18℃,晴/晴,东风3-4级/东南风3-4级
2017-05-27,33℃/20℃,晴/晴,南风3-4级/南风3-4级
2017-05-28,34℃/20℃,晴/晴,东南风3-4级/南风3-4级
2017-05-29,34℃/21℃,多云/多云,东南风4-5级/东南风3-4级
2017-05-30,33℃/23℃,多云/多云,南风3-4级/西南风3-4级
2017-05-31,33℃/24℃,多云/多云,西南风3-4级/东南风≤3级
2017-06-01,33℃/22℃,多云/晴,东风≤3级/东风3-4级
2017-06-02,33℃/21℃,多云/多云,东南风3-4级/东南风3-4级
2017-06-03,32℃/20℃,多云/多云,东风3-4级/东风3-4级
2017-06-04,30℃/20℃,多云/阴,东风4-5级/东风4-5级
2017-06-05,22℃/18℃,中到大雨/中到大雨,东风5-6级/东风4-5级
2017-06-06,23℃/18℃,阵雨/阴,西北风5-6级/西风3-4级
2017-06-07,29℃/20℃,多云/多云,西风3-4级/东南风3-4级
2017-06-08,31℃/22℃,多云/多云,东南风≤3级/东南风3-4级
2017-06-09,31℃/23℃,多云/中到大雨,西南风3-4级/南风4-5级
2017-06-10,25℃/20℃,大到暴雨/阴,南风5-6级/北风4-5级
2017-06-11,29℃/21℃,多云/多云,东风4-5级/东风3-4级
2017-06-12,26℃/20℃,多云/多云,东风3-4级/东风3-4级
2017-06-13,25℃/20℃,阴/多云,东风4-5级/东风3-4级
2017-06-14,27℃/19℃,多云/多云,东风3-4级/东风3-4级
2017-06-15,28℃/19℃,多云/多云,东风3-4级/南风3-4级
2017-06-16,29℃/19℃,多云/多云,东南风3-4级/东南风3-4级
2017-06-17,29℃/19℃,晴/多云,东南风4-5级/东南风3-4级
2017-06-18,29℃/21℃,多云/多云,东南风4-5级/东南风3-4级
2017-06-19,30℃/22℃,多云/阴,东南风3-4级/东南风3-4级
2017-06-20,27℃/22℃,阵雨/多云,东南风3-4级/东南风3-4级
2017-06-21,28℃/23℃,阴/阴,东风4-5级/东北风3-4级
2017-06-22,28℃/23℃,阴/阴,东南风3-4级/东南风3-4级
2017-06-23,27℃/22℃,阵雨/大雨,南风3-4级/南风3-4级
2017-06-24,29℃/22℃,雷阵雨/阴,南风3-4级/西风3-4级
2017-06-25,29℃/22℃,雷阵雨/阴,西风≤3级/西南风3-4级
2017-06-26,30℃/23℃,多云/多云,西北风3-4级/西风≤3级
2017-06-27,31℃/23℃,多云/多云,西南风3-4级/南风3-4级
2017-06-28,30℃/23℃,雷阵雨/阴,东南风3-4级/东南风3-4级
2017-06-29,30℃/24℃,多云/雷阵雨,东南风3-4级/东南风3-4级
2017-06-30,28℃/24℃,雷阵雨/中到大雨,东南风3-4级/东南风3-4级
2017-07-01,26℃/24℃,中雨/中雨,南风3-4级/南风3-4级
2017-07-02,26℃/23℃,中雨/雷阵雨,南风3-4级/西南风3-4级
2017-07-03,31℃/24℃,雷阵雨/雷阵雨,西南风3-4级/西南风3-4级
2017-07-04,31℃/25℃,雷阵雨/阴,南风3-4级/南风3-4级
2017-07-05,34℃/26℃,雷阵雨/多云,西南风4-5级/南风3-4级
2017-07-06,33℃/27℃,雷阵雨/多云,南风3-4级/南风≤3级
2017-07-07,33℃/27℃,雷阵雨/多云,西南风4-5级/西南风3-4级
2017-07-08,32℃/27℃,雷阵雨/雷阵雨,南风3-4级/南风≤3级
2017-07-09,32℃/26℃,雷阵雨/多云,南风3-4级/南风3-4级
2017-07-10,29℃/24℃,雷阵雨/雷阵雨,西南风4～5级/西南风3～4级
2017-07-11,32℃/26℃,雷阵雨/多云,南风3-4级/南风3-4级
2017-07-12,33℃/27℃,多云/多云,南风3-4级/南风3-4级
2017-07-13,34℃/28℃,多云/多云,西南风4-5级/南风3-4级
2017-07-14,34℃/27℃,雷阵雨/多云,西南风3-4级/南风≤3级
2017-07-15,36℃/27℃,多云/多云,南风4-5级/南风3-4级
2017-07-16,37℃/28℃,多云/多云,南风4-5级/南风3-4级
2017-07-17,37℃/28℃,多云/多云,南风3-4级/南风3-4级
2017-07-18,36℃/28℃,晴/晴,西南风4-5级/西南风3-4级
2017-07-19,36℃/28℃,多云/多云,西南风4-5级/西南风3-4级
2017-07-20,37℃/28℃,多云/晴,西南风4-5级/西南风3-4级
2017-07-21,38℃/29℃,晴/晴,西南风4-5级/西南风3-4级
2017-07-22,39℃/29℃,晴/晴,西南风4-5级/西南风≤3级
2017-07-23,40℃/30℃,晴/晴,西南风3-4级/西南风≤3级
2017-07-24,39℃/29℃,晴/晴,西南风3-4级/西南风≤3级
2017-07-25,40℃/29℃,晴/晴,西风3-4级/东风3-4级
2017-07-26,38℃/29℃,晴/晴,东风3-4级/东南风≤3级
2017-07-27,39℃/29℃,晴/多云,东风3-4级/东风≤3级
2017-07-28,39℃/29℃,晴/晴,东风3-4级/东风3-4级
2017-07-29,36℃/28℃,多云/多云,东风3-4级/东风3-4级
2017-07-30,35℃/28℃,雷阵雨/多云,东风4-5级/东风4-5级
2017-07-31,35℃/29℃,雷阵雨/多云,东风5-6级/东风5-6级
2017-08-01,33℃/28℃,雷阵雨/雷阵雨,东南风5-6级/东南风4-5级
2017-08-02,31℃/27℃,小到中雨/阴,东南风5-6级/南风4-5级
2017-08-03,32℃/27℃,雷阵雨/阴,西南风4-5级/西南风3-4级
2017-08-04,35℃/28℃,雷阵雨/多云,西南风3-4级/西南风≤3级
2017-08-05,36℃/28℃,雷阵雨/多云,西南风3-4级/西南风3-4级
2017-08-06,37℃/29℃,多云/多云,西风3-4级/西风3-4级
2017-08-07,36℃/28℃,雷阵雨/中雨,西风3-4级/南风3-4级
2017-08-08,28℃/24℃,暴雨/中雨,西风4-5级/西风4-5级
2017-08-09,29℃/24℃,阵雨/多云,南风3-4级/西南风3-4级
2017-08-10,34℃/27℃,多云/多云,西南风3-4级/南风≤3级
2017-08-11,35℃/27℃,多云/阴,南风3-4级/东南风≤3级
2017-08-12,31℃/26℃,大雨/中雨,东南风4～5级/东南风3～4级
2017-08-13,29℃/25℃,中雨/阵雨,西南风4-5级/西南风3-4级
2017-08-14,31℃/24℃,雷阵雨/阴,西风3-4级/西南风3-4级
2017-08-15,32℃/25℃,多云/多云,西北风3-4级/西北风≤3级
2017-08-16,28℃/25℃,雷阵雨/多云,南风3-4级/东南风3-4级
2017-08-17,32℃/24℃,雷阵雨/多云,南风≤3级/南风≤3级
2017-08-18,32℃/25℃,雷阵雨/阴,南风3-4级/南风3-4级
2017-08-19,33℃/25℃,雷阵雨/中到大雨,南风3-4级/东风3-4级
2017-08-20,29℃/24℃,雷阵雨/多云,西南风3-4级/西风3-4级
2017-08-21,33℃/26℃,多云/多云,东北风≤3级/东风3-4级
2017-08-22,34℃/27℃,多云/晴,东风3-4级/东风3-4级
2017-08-23,36℃/28℃,晴/晴,东南风4-5级/东南风3-4级
2017-08-24,35℃/26℃,多云/雷阵雨,西南风3-4级/西南风≤3级
2017-08-25,31℃/25℃,小到中雨/雷阵雨,北风3-4级/东北风4-5级
2017-08-26,28℃/23℃,阴/阴,东北风4-5级/北风3-4级
2017-08-27,33℃/26℃,晴/多云,东南风3-4级/东南风3-4级
2017-08-28,35℃/26℃,多云/阴,西南风3-4级/东北风4-5级
2017-08-29,28℃/23℃,雷阵雨/阴,东北风4-5级/东北风4-5级
2017-08-30,25℃/22℃,阴/阵雨,东北风4-5级/东风3-4级
2017-08-31,23℃/20℃,阵雨/阵雨,东北风3-4级/东北风3-4级
2017-09-01,27℃/20℃,多云/阴,东风3-4级/东风3-4级
2017-09-02,25℃/22℃,阴/阵雨,东风3-4级/东风3-4级
2017-09-03,24℃/21℃,中雨/阵雨,东风4-5级/东风4-5级
2017-09-04,26℃/22℃,阵雨/阴,东风3-4级/北风≤3级
2017-09-05,31℃/23℃,多云/雷阵雨,西北风3-4级/北风≤3级
2017-09-06,26℃/22℃,中雨/阵雨,西北风3-4级/北风3-4级
2017-09-07,27℃/20℃,多云/多云,北风3-4级/东风3-4级
2017-09-08,30℃/22℃,多云/多云,东风3-4级/东风3-4级
2017-09-09,27℃/23℃,阴/阴,东风3-4级/东风3-4级
2017-09-10,29℃/21℃,中雨/阵雨,东南风3-4级/西北风3-4级
2017-09-11,24℃/19℃,阵雨/多云,西北风3-4级/北风3-4级
2017-09-12,28℃/20℃,晴/晴,东北风3-4级/东北风3-4级
2017-09-13,29℃/19℃,多云/多云,东风3-4级/东风4-5级
2017-09-14,29℃/21℃,晴/多云,东北风4-5级/东北风4-5级
2017-09-15,27℃/20℃,阴/多云,东北风4-5级/东北风4-5级
2017-09-16,27℃/18℃,多云/晴,北风3-4级/北风≤3级
2017-09-17,29℃/19℃,晴/晴,北风3-4级/西风≤3级
2017-09-18,30℃/20℃,晴/多云,东南风≤3级/东南风≤3级
2017-09-19,28℃/22℃,阵雨/阵雨,南风≤3级/东南风≤3级
2017-09-20,23℃/19℃,阵雨/阴,东风3-4级/东北风3-4级
2017-09-21,26℃/20℃,阴/阴,东风3-4级/东风3-4级
2017-09-22,26℃/21℃,多云/阵雨,东南风3-4级/东南风3-4级
2017-09-23,25℃/20℃,阵雨/小到中雨,东南风3-4级/东南风3-4级
2017-09-24,22℃/20℃,大雨/阵雨,东风3-4级/东风3-4级
2017-09-25,25℃/22℃,大到暴雨/阵雨,东南风4-5级/西北风4-5级
2017-09-26,29℃/23℃,阴/阴,西风3-4级/西风≤3级
2017-09-27,25℃/18℃,阵雨/阵雨,北风4-5级/北风3-4级
2017-09-28,25℃/17℃,多云/阴,东北风3-4级/东风3-4级
2017-09-29,23℃/19℃,多云/阵雨,东南风3-4级/东南风3-4级
2017-09-30,23℃/20℃,阵雨/小到中雨,东南风3-4级/东南风4-5级
2017-10-01,28℃/21℃,雷阵雨/中到大雨,西南风3-4级/东北风3-4级
2017-10-02,23℃/19℃,中到大雨/阴,东北风4-5级/东北风4-5级
2017-10-03,22℃/16℃,阴/阵雨,东北风4-5级/东北风4-5级
2017-10-04,19℃/15℃,阵雨/阵雨,东北风4-5级/东北风4-5级
2017-10-05,16℃/13℃,小到中雨/阴,东北风3-4级/北风3-4级
2017-10-06,23℃/14℃,多云/多云,北风3-4级/北风3-4级
2017-10-07,24℃/18℃,多云/晴,东南风3-4级/东南风3-4级
2017-10-08,28℃/19℃,晴/晴,东风≤3级/东南风≤3级
2017-10-09,29℃/22℃,晴/晴,东南风3-4级/东南风3-4级
2017-10-10,28℃/20℃,雷阵雨/雷阵雨,北风3-4级/北风4-5级
2017-10-11,18℃/14℃,阵雨/小到中雨,东北风4-5级/东北风4-5级
2017-10-12,15℃/13℃,小到中雨/阴,东北风4-5级/东北风3-4级
2017-10-13,20℃/15℃,多云/阵雨,东北风3-4级/东北风3-4级
2017-10-14,19℃/16℃,阴/小雨,东北风4-5级/东北风4-5级
2017-10-15,18℃/14℃,小雨/小雨,东北风4-5级/东北风4-5级
2017-10-16,18℃/15℃,阵雨/阵雨,东北风4-5级/东北风4-5级
2017-10-17,18℃/15℃,小雨/小雨,东北风4-5级/东北风3-4级
2017-10-18,18℃/14℃,阴/阴,北风3-4级/东北风≤3级
2017-10-19,19℃/13℃,多云/多云,北风3-4级/北风≤3级
2017-10-20,21℃/12℃,多云/多云,北风3-4级/北风3-4级
2017-10-21,23℃/12℃,多云/晴,北风3-4级/北风3-4级
2017-10-22,22℃/11℃,多云/晴,北风3-4级/北风3-4级
2017-10-23,19℃/11℃,多云/多云,北风3-4级/北风≤3级
2017-10-24,19℃/9℃,晴/晴,北风3-4级/东北风3-4级
2017-10-25,20℃/12℃,晴/多云,东风3-4级/东风3-4级
2017-10-26,21℃/11℃,多云/多云,东风3-4级/东北风3-4级
2017-10-27,23℃/11℃,晴/晴,东北风3-4级/东北风3-4级
2017-10-28,22℃/12℃,晴/晴,东北风3-4级/北风3-4级
2017-10-29,18℃/7℃,多云/多云,北风5-6级/北风4-5级
2017-10-30,15℃/7℃,晴/晴,北风3-4级/东北风≤3级
2017-10-31,18℃/9℃,晴/晴,东南风3-4级/东南风≤3级
2017-11-01,21℃/10℃,晴/多云,东南风3-4级/南风≤3级
2017-11-02,23℃/11℃,多云/多云,西南风3-4级/西风3-4级
2017-11-03,20℃/8℃,多云/多云,东北风5-6级/东北风4-5级
2017-11-04,15℃/6℃,晴/晴,东北风3-4级/东风3-4级
2017-11-05,17℃/9℃,晴/晴,东南风3-4级/东南风≤3级
2017-11-06,21℃/12℃,多云/多云,东南风3-4级/东南风≤3级
2017-11-07,22℃/12℃,多云/多云,西风3-4级/西北风3-4级
2017-11-08,22℃/10℃,晴/晴,东北风3-4级/东风3-4级
2017-11-09,21℃/11℃,晴/多云,东南风3-4级/东南风3-4级
2017-11-10,20℃/7℃,多云/多云,西北风4-5级/北风4-5级
2017-11-11,16℃/11℃,多云/阴,东北风3-4级/东风≤3级
2017-11-12,18℃/12℃,多云/阴,东风3-4级/东风≤3级
2017-11-13,18℃/10℃,阴/阴,东北风<3级/东北风<3级
2017-11-14,18℃/11℃,多云/多云,东北风<3级/东北风<3级
2017-11-15,18℃/12℃,多云/阴,东北风3～4级/东风3～4级
2017-11-16,17℃/14℃,小雨/小雨,东风3～4级/东南风3～4级
2017-11-17,16℃/6℃,小雨/小雨,东北风4～5级/东北风5～6级
2017-11-18,10℃/3℃,多云/多云,东北风5～6级/东北风4～5级
2017-11-19,10℃/4℃,多云/阴,东风3～4级/东北风3～4级
2017-11-20,12℃/3℃,多云/多云,东北风3～4级/东北风3～4级
2017-11-21,13℃/7℃,多云/阴,东南风3～4级/西风<3级
2017-11-22,14℃/2℃,多云/多云,西北风4～5级/西北风4～5级
2017-11-23,13℃/3℃,晴/晴,西风3～4级/西风<3级
2017-11-24,14℃/5℃,晴/多云,西风<3级/东风3～4级
2017-11-25,17℃/6℃,多云/多云,西南风3～4级/西风3～4级
2017-11-26,15℃/3℃,多云/多云,东北风3～4级/东风3～4级
2017-11-27,15℃/9℃,多云/多云,东南风3～4级/东南风3～4级
2017-11-28,16℃/10℃,小雨/小雨,西风3～4级/北风3～4级
2017-11-29,12℃/6℃,小雨/小雨-中雨,东北风4～5级/东北风4～5级
2017-11-30,10℃/3℃,阴/多云,东北风4～5级/东北风3～4级
2017-12-01,10℃/3℃,多云/多云,东北风3～4级/东北风3～4级
2017-12-02,14℃/4℃,多云/多云,东南风3～4级/东风3～4级
2017-12-03,14℃/5℃,多云/多云,西北风3～4级/西北风3～4级
2017-12-04,12℃/0℃,晴/晴,北风4～5级/北风3～4级
2017-12-05,9℃/0℃,晴/多云,北风3～4级/东南风3～4级
2017-12-06,11℃/2℃,多云/多云,南风3～4级/东南风<3级
2017-12-07,13℃/0℃,多云/多云,北风3～4级/北风4～5级
2017-12-08,7℃/-1℃,晴/晴,西北风3～4级/西风<3级
2017-12-09,9℃/1℃,多云/多云,西南风3～4级/西南风3～4级
2017-12-10,12℃/-2℃,多云/晴,西北风4～5级/西北风4～5级
2017-12-11,11℃/1℃,晴/晴,东风3～4级/东北风3～4级
2017-12-12,9℃/2℃,多云/多云,东北风4～5级/东北风4～5级
2017-12-13,9℃/4℃,多云/小雨,东风4～5级/东风4～5级
2017-12-14,6℃/4℃,小雨/小雨,东风4～5级/东北风3～4级
2017-12-15,7℃/3℃,小雨/阴,东北风3～4级/北风3～4级
2017-12-16,7℃/-4℃,多云/晴,西北风4～5级/西北风4～5级
2017-12-17,4℃/-3℃,晴/晴,西北风3～4级/西南风3～4级
2017-12-18,8℃/-2℃,多云/多云,西南风3～4级/西风3～4级
2017-12-19,9℃/-2℃,晴/晴,北风3～4级/东南风<3级
2017-12-20,10℃/-2℃,多云/晴,西北风4～5级/西北风3～4级
2017-12-21,12℃/-1℃,晴/晴,南风3～4级/南风3～4级
2017-12-22,14℃/2℃,晴/多云,东南风3～4级/东风<3级
2017-12-23,13℃/5℃,多云/阴,北风3～4级/西风4～5级
2017-12-24,11℃/-2℃,多云/晴,西北风4～5级/北风3～4级
2017-12-25,9℃/-1℃,晴/晴,东风3～4级/东南风3～4级
2017-12-26,12℃/1℃,晴/晴,东风3～4级/东南风3～4级
2017-12-27,11℃/4℃,多云/多云,东南风3～4级/东南风3～4级
2017-12-28,10℃/7℃,小雨/阴,东南风3～4级/东南风<3级
2017-12-29,12℃/8℃,阴/阴,东风<3级/东风<3级
2017-12-30,10℃/0℃,阴/多云,西北风4～5级/西北风3～4级
2017-12-31,9℃/-1℃,晴/晴,西风<3级/东风<3级
2018-01-01,12℃/2℃,多云/阴,东南风3～4级/东风3～4级
2018-01-01,12℃/2℃,多云/阴,东南风3～4级/东风3～4级
2018-01-02,11℃/6℃,阴/小雨,东风3～4级/东北风4～5级
2018-01-03,5℃/0℃,中雨/中雨,东北风5～6级/东北风4～5级
2018-01-04,1℃/-1℃,暴雪/中雪,东北风4～5级/东北风4～5级
2018-01-05,1℃/-6℃,多云/多云,东北风3～4级/东北风<3级
2018-01-06,4℃/-1℃,阴/小雨,东北风3～4级/东北风3～4级
2018-01-07,4℃/-1℃,小雨/雨夹雪,东北风3～4级/西北风3～4级
2018-01-08,2℃/-6℃,多云/多云,西北风5～6级/西风4～5级
2018-01-09,5℃/-4℃,晴/晴,西北风3～4级/西北风3～4级
2018-01-10,6℃/-3℃,晴/晴,西北风3～4级/西风3～4级
2018-01-11,6℃/-5℃,晴/晴,北风3～4级/北风3～4级
2018-01-12,4℃/-5℃,晴/晴,北风3～4级/北风3～4级
2018-01-13,7℃/-3℃,晴/多云,东南风3～4级/东南风3～4级
2018-01-14,11℃/1℃,多云/多云,东南风3～4级/东南风3～4级
2018-01-15,14℃/2℃,多云/阴,东南风3～4级/东南风3～4级
2018-01-16,10℃/2℃,小雨/小雨,西北风<3级/西风<3级
2018-01-17,11℃/2℃,多云/多云,南风<3级/东风<3级
2018-01-18,11℃/4℃,多云/多云,东北风3～4级/东风<3级
2018-01-19,8℃/2℃,小雨/阴,东风<3级/东风<3级
2018-01-20,9℃/3℃,多云/阴,东风<3级/东风<3级
2018-01-21,9℃/3℃,小雨-中雨/小雨,东风<3级/北风<3级
2018-01-22,12℃/1℃,少云/少云,西北偏西风2/西北偏西风2
2018-01-23,6℃/-1℃,阴/阴,东北风4～5级/东北风4～5级
2018-01-24,3℃/-1℃,阴/大雪,东北风4～5级/东北风4～5级
2018-01-25,0℃/-3℃,大雪-暴雪/中雪,东北风5～6级/东北风4～5级
2018-01-26,-1℃/-3℃,阴/小雪,东北风4～5级/东北风3～4级
2018-01-27,-1℃/-2℃,大雪-暴雪/大雪,东北风4～5级/东北风4～5级
2018-01-28,-1℃/-7℃,小雪/多云,东北风4～5级/北风3～4级
2018-01-29,1℃/-6℃,多云/多云,西北风3～4级/西风3～4级
2018-01-30,1℃/-7℃,多云/阴,西风3～4级/北风3～4级
2018-01-31,2℃/-8℃,阴/多云,西风<3级/西风<3级
2018-02-01,3℃/-4℃,晴/多云,西风<3级/西北风<3级
2018-02-02,5℃/-5℃,多云/多云,东北风4～5级/北风3～4级
2018-02-03,2℃/-7℃,晴/晴,东北风3～4级/西北风3～4级
2018-02-04,3℃/-6℃,晴/晴,西风3～4级/西风<3级
2018-02-05,5℃/-5℃,晴/晴,西风3～4级/北风3～4级
2018-02-06,4℃/-4℃,晴/多云,东风3～4级/东风3～4级
2018-02-07,6℃/-4℃,多云/多云,西南风3～4级/西北风3～4级
2018-02-08,6℃/-1℃,多云/多云,东风3～4级/东风3～4级
2018-02-09,9℃/3℃,阴/阴,南风<3级/东北风3～4级
2018-02-10,7℃/-2℃,阴/多云,东北风4～5级/西北风3～4级
2018-02-11,9℃/-4℃,晴/晴,西北风4～5级/西风3～4级
2018-02-12,8℃/-3℃,晴/晴,西北风4～5级/西风3～4级
2018-02-13,13℃/1℃,晴/多云,西南风4～5级/南风3～4级
2018-02-14,17℃/5℃,多云/阴,东风3～4级/东风3～4级
2018-02-15,7℃/4℃,小雨/小雨,东北风3～4级/东风3～4级
2018-02-16,12℃/2℃,阴/多云,东风<3级/东风4～5级
2018-02-17,12℃/4℃,多云/阴,东风4～5级/东风4～5级
2018-02-18,8℃/5℃,小雨/小雨,东北风3～4级/东北风3～4级
2018-02-19,7℃/3℃,小雨/阴,东北风3～4级/东北风3～4级
2018-02-20,7℃/3℃,中雨/小雨,东北风4～5级/东北风3～4级
2018-02-21,7℃/3℃,阴/阴,东北风3～4级/东风3～4级
2018-02-22,15℃/2℃,晴/晴,西南风3～4级/西南风4～5级
2018-02-23,15℃/4℃,晴/阴,南风3～4级/东南风<3级
2018-02-24,12℃/6℃,阴/阴,东风3～4级/北风3～4级
2018-02-25,12℃/2℃,多云/晴,东风3～4级/东风3～4级
2018-02-26,15℃/5℃,晴/多云,东南风3～4级/东风3～4级
2018-02-27,17℃/10℃,阴/中雨,东风4～5级/东南风4～5级
2018-02-28,13℃/7℃,阴/多云,西北风5～6级/西风3～4级
2018-03-01,13℃/4℃,多云/小雨,东北风4～5级/东风4～5级
2018-03-02,12℃/5℃,阴/小雨,东风4～5级/东风3～4级
2018-03-03,20℃/9℃,阴/小雨-中雨,东南风3～4级/东南风3～4级
2018-03-04,23℃/7℃,小雨-中雨/小雨-中雨,东南风3～4级/东北风5～6级
2018-03-05,12℃/3℃,阴/多云,北风4～5级/东北风3～4级
2018-03-06,8℃/5℃,多云/阵雨,东北风4～5级/东北风4～5级
2018-03-07,7℃/4℃,小雨-中雨/阵雨,东北风4～5级/北风3～4级
2018-03-08,11℃/-1℃,多云/晴,北风4～5级/东北风3～4级
2018-03-09,10℃/1℃,晴/晴,北风3～4级/南风3～4级
2018-03-10,16℃/5℃,多云/多云,南风3～4级/东南风3～4级
2018-03-11,20℃/8℃,多云/多云,东风3～4级/东南风3～4级
2018-03-12,23℃/11℃,多云/多云,西南风3～4级/东南风3～4级
2018-03-13,25℃/14℃,多云/阵雨,南风3～4级/南风3～4级
2018-03-14,21℃/15℃,雷阵雨/小雨-中雨,南风3～4级/东南风3～4级
2018-03-15,21℃/7℃,小雨-中雨/雷阵雨,南风3～4级/北风5～6级
2018-03-16,10℃/4℃,阴/多云,东北风4～5级/东风3～4级
2018-03-17,16℃/7℃,多云/小雨,东南风4～5级/东南风4～5级
2018-03-18,12℃/8℃,阵雨/小雨,东北风3～4级/东北风3～4级
2018-03-19,10℃/3℃,阵雨/阵雨,东北风3～4级/西北风3～4级
2018-03-20,6℃/3℃,阵雨/阵雨,西北风4～5级/西北风4～5级
2018-03-21,11℃/2℃,多云/多云,西北风4～5级/西南风3～4级
2018-03-22,16℃/6℃,多云/多云,西南风3～4级/南风3～4级
2018-03-23,21℃/10℃,晴/晴,南风3～4级/南风3～4级
2018-03-24,22℃/11℃,多云/阴,东南风3～4级/东南风3～4级
2018-03-25,24℃/11℃,多云/多云,南风3～4级/南风3～4级
2018-03-26,24℃/12℃,晴/晴,南风3～4级/南风3～4级
2018-03-27,25℃/13℃,晴/晴,南风3～4级/南风3～4级
2018-03-28,27℃/14℃,晴/多云,南风3～4级/东南风3～4级
2018-03-29,26℃/15℃,多云/多云,东风3～4级/东风3～4级
2018-03-30,23℃/14℃,多云/多云,东风4～5级/东风4～5级
2018-03-31,26℃/14℃,多云/多云,东南风3～4级/东南风3～4级
2018-04-01,27℃/17℃,多云/多云,南风3～4级/南风3～4级
2018-04-02,27℃/18℃,雷阵雨/阴,南风3～4级/东南风3～4级
2018-04-03,28℃/12℃,雷阵雨/雷阵雨,南风3～4级/东北风4～5级
2018-04-04,13℃/10℃,阴/阴,东北风5～6级/东北风4～5级
2018-04-05,11℃/7℃,中雨-大雨/阵雨,东北风4～5级/西北风4～5级
2018-04-06,16℃/5℃,多云/晴,西北风5～6级/西北风4～5级
2018-04-07,14℃/7℃,晴/晴,西北风4～5级/西南风3～4级
2018-04-08,22℃/10℃,晴/晴,西南风4～5级/西南风3～4级
2018-04-09,27℃/15℃,晴/晴,南风4～5级/南风3～4级
2018-04-10,29℃/18℃,晴/多云,西南风4～5级/西南风3～4级
2018-04-11,27℃/16℃,多云/阴,东北风3～4级/东风3～4级
2018-04-12,21℃/14℃,雷阵雨/阵雨,东风4～5级/东风4～5级
2018-04-13,16℃/12℃,小雨-中雨/阵雨,东风5～6级/北风4～5级
2018-04-14,15℃/9℃,阴/多云,西北风4～5级/西北风3～4级
2018-04-15,20℃/8℃,晴/多云,西北风3～4级/东北风3～4级
2018-04-16,22℃/9℃,多云/晴,东南风3～4级/东南风3～4级
2018-04-17,22℃/10℃,晴/晴,东南风3～4级/东南风3～4级
2018-04-18,26℃/13℃,晴/晴,东南风3～4级/东南风3～4级
2018-04-19,29℃/15℃,晴/晴,东南风3～4级/东南风3～4级
2018-04-20,30℃/18℃,多云/多云,东南风4～5级/东南风3～4级
2018-04-21,27℃/20℃,雷阵雨/雷阵雨,东南风4～5级/东南风3～4级
2018-04-22,25℃/17℃,雷阵雨/雷阵雨,西风3～4级/西北风4～5级
2018-04-23,17℃/13℃,阵雨/阴,东北风4～5级/东北风4～5级
2018-04-24,19℃/12℃,多云/多云,北风4～5级/北风3～4级
2018-04-25,23℃/14℃,多云/阴,北风3～4级/东南风<3级
2018-04-26,23℃/14℃,多云/多云,南风3～4级/西风<3级
2018-04-27,28℃/14℃,多云/多云,北风3～4级/东南风3～4级
2018-04-28,29℃/18℃,多云/阴,东南风3～4级/东南风3～4级
2018-04-29,26℃/18℃,雷阵雨/阴,南风3～4级/南风3～4级
2018-04-30,30℃/20℃,雷阵雨/阴,南风<3级/东南风<3级
2018-05-01,28℃/21℃,雷阵雨/雷阵雨,西南风<3级/西风3～4级
2018-05-02,25℃/13℃,阴/多云,北风4～5级/东北风3～4级
2018-05-03,27℃/13℃,晴/晴,西风3～4级/东南风3～4级
2018-05-04,28℃/18℃,多云/雷阵雨,东南风4～5级/南风4～5级
2018-05-05,22℃/18℃,中雨/大雨-暴雨,南风4～5级/东南风4～5级
2018-05-06,23℃/16℃,大雨-暴雨/中雨,西风4～5级/北风5～6级
2018-05-07,21℃/16℃,阴/多云,北风4～5级/北风3～4级
2018-05-08,23℃/12℃,多云/晴,东北风3～4级/东北风3～4级
2018-05-09,24℃/14℃,晴/多云,东北风3～4级/东风3～4级
2018-05-10,24℃/16℃,多云/多云,东风4～5级/东南风4～5级
2018-05-11,24℃/18℃,雷阵雨/雷阵雨,东南风3～4级/东南风<3级
2018-05-12,22℃/18℃,雷阵雨/阴,北风3～4级/南风3～4级
2018-05-13,30℃/20℃,多云/多云,南风3～4级/南风3～4级
2018-05-14,32℃/24℃,多云/多云,西南风3～4级/南风3～4级
2018-05-15,34℃/26℃,多云/多云,南风4～5级/西南风4～5级
2018-05-16,35℃/25℃,多云/雷阵雨,西南风4～5级/西南风3～4级
2018-05-17,32℃/24℃,雷阵雨/雷阵雨,西南风4～5级/西风<3级
2018-05-18,30℃/19℃,雷阵雨/雷阵雨,东风4～5级/东北风4～5级
2018-05-19,22℃/19℃,雷阵雨/大雨,东北风4～5级/东风4～5级
2018-05-20,24℃/18℃,雷阵雨/阴,东北风4～5级/东北风3～4级
2018-05-21,23℃/19℃,多云/多云,东北风3～4级/北风<3级
2018-05-22,24℃/18℃,雷阵雨/雷阵雨,西北风3～4级/北风3～4级
2018-05-23,26℃/15℃,多云/晴,东南风3-4级/东南风3-4级
2018-05-24,26℃/20℃,雷阵雨/中雨,东南风3-4级/东南风3-4级
2018-05-25,21℃/18℃,暴雨/中雨,东北风3-4级/东北风3-4级
2018-05-26,24℃/19℃,阴/阴,东北风3-4级/东北风3-4级
2018-05-27,25℃/20℃,晴间多云/多云,无持续风向1-2级/无持续风向1-2级
2018-05-28,30℃/22℃,多云/阴,西风3～4级/东南风<3级
2018-05-29,28℃/22℃,阴/阴,东南风<3级/东南风<3级
2018-05-30,27℃/22℃,阴/阴,东风3～4级/东风3～4级
2018-05-31,24℃/16℃,阵雨/多云,南风1-2级/南风1-2级
2018-06-01,30℃/19℃,多云/多云,东风3～4级/东风3～4级
2018-06-02,27℃/18℃,多云/多云,东风3～4级/东风3～4级
2018-06-03,28℃/19℃,多云/多云,东风3～4级/东风3～4级
2018-06-04,28℃/20℃,阴/阴,东风3-4级/东风3-4级
2018-06-05,30℃/20℃,多云/多云,南风3-4级/南风3-4级
2018-06-06,30℃/20℃,多云/多云,东南风3-4级/东南风3-4级
2018-06-07,32℃/21℃,晴/多云,东风3-4级/东风3-4级
2018-06-08,31℃/22℃,多云/雷阵雨,东风3-4级/东风3-4级
2018-06-09,22℃/19℃,中雨/阵雨,东风3-4级/东风3-4级
2018-06-10,26℃/19℃,阵雨/晴,西北风3-4级/西北风3-4级
2018-06-11,32℃/22℃,晴/晴,西北风3-4级/西北风3-4级
2018-06-12,35℃/23℃,晴/晴,西南风3～4级/南风3～4级
2018-06-13,35℃/23℃,晴/晴,南风3～4级/东南风3～4级
2018-06-14,33℃/22℃,多云/多云,东风3～4级/东南风3～4级
2018-06-15,33℃/22℃,晴/多云,东北风3～4级/东风3～4级
2018-06-16,30℃/21℃,多云/多云,东南风4-5级/东南风4-5级
2018-06-17,30℃/21℃,阴/阴,东南风4～5级/东南风3～4级
2018-06-18,31℃/24℃,多云/阴,东风3～4级/东风3～4级
2018-06-19,28℃/22℃,雷阵雨/大雨,东风3-4级/东风3-4级
2018-06-20,27℃/19℃,阴/多云,东风3～4级/东风3～4级
2018-06-21,30℃/21℃,多云/多云,东风3～4级/东风3～4级
2018-06-22,26℃/20℃,雷阵雨/多云,东风4～5级/东风4～5级
2018-06-23,28℃/21℃,多云/阴,东风3～4级/东风3～4级
2018-06-24,31℃/24℃,雷阵雨/阴,东南风3-4级/东南风3-4级
2018-06-25,34℃/27℃,多云/多云,西南风3-4级/西南风3-4级
2018-06-26,37℃/29℃,多云/多云,西南风4-5级/西南风4-5级
2018-06-27,34℃/28℃,多云/多云,西南风4-5级/西南风4-5级
2018-06-28,27℃/24℃,大雨/阴,西南风4～5级/西南风3～4级
2018-06-29,33℃/24℃,多云/雷阵雨,南风3～4级/东南风3～4级
2018-06-30,30℃/24℃,雷阵雨/雷阵雨,东南风3～4级/东南风3～4级
2018-07-01,32℃/24℃,雷阵雨/多云,东南风3-4级/东南风3-4级
2018-07-02,31℃/25℃,雷阵雨/多云,东南风3～4级/东南风3～4级
2018-07-03,31℃/25℃,多云/多云,东风3-4级/东风3-4级
2018-07-04,33℃/25℃,雷阵雨/雷阵雨,东风<3级/东风3～4级
2018-07-05,27℃/25℃,大雨/大雨,东南风3-4级/东南风3-4级
2018-07-06,27℃/24℃,中雨-大雨/雷阵雨,东风3～4级/东风3～4级
2018-07-07,30℃/25℃,雷阵雨/阴,东风4-5级/东风4-5级
2018-07-08,30℃/24℃,雷阵雨/多云,东风3-4级/东风3-4级
2018-07-09,34℃/27℃,多云/多云,南风3～4级/南风3～4级
2018-07-10,35℃/26℃,多云/多云,东风3～4级/东风3～4级
2018-07-11,33℃/27℃,多云/多云,东风5～6级/东风5～6级
2018-07-12,35℃/27℃,多云/多云,东南风4～5级/东南风3～4级
2018-07-13,35℃/27℃,晴/晴,东南风4-5级/东南风4-5级
2018-07-14,35℃/26℃,晴/晴,东南风3-4级/东南风3-4级
2018-07-15,36℃/27℃,晴/晴,东南风3～4级/东南风3～4级
2018-07-16,35℃/27℃,多云/晴,东南风3～4级/东南风3～4级
2018-07-17,35℃/26℃,多云/多云,东南风4-5级/东南风4-5级
2018-07-18,36℃/27℃,晴/晴,东南风3～4级/东南风3～4级
2018-07-19,35℃/26℃,晴/晴,东南风3-4级/东南风3-4级
2018-07-20,35℃/26℃,晴/多云,东南风3～4级/东南风3～4级
2018-07-21,34℃/26℃,多云/多云,东风3-4级/东风3-4级
2018-07-22,33℃/26℃,大雨/大雨,东北风6-7级/东北风6-7级
2018-07-23,33℃/27℃,多云/多云,西南风4～5级/东南风3～4级
2018-07-24,35℃/28℃,雷阵雨/多云,南风3-4级/南风3-4级
2018-07-25,36℃/28℃,雷阵雨/多云,南风3-4级/南风3-4级
2018-07-26,37℃/27℃,多云/多云,南风3～4级/东南风3～4级
2018-07-27,36℃/27℃,多云/多云,东风3-4级/东风3-4级
2018-07-28,36℃/27℃,多云/多云,东风3-4级/东风3-4级
2018-07-29,36℃/27℃,多云/多云,东风3～4级/东风3～4级
2018-07-30,36℃/26℃,雷阵雨/多云,东风3-4级/东风3-4级
2018-07-31,35℃/26℃,多云/多云,东北风3～4级/东北风3～4级
2018-08-01,35℃/26℃,多云/多云,东风3～4级/东风3～4级
2018-08-02,35℃/26℃,多云/雷阵雨,东北风3-4级/东北风3-4级
2018-08-03,30℃/26℃,大雨/阵雨,东北风6～7级/东风4～5级
2018-08-04,33℃/27℃,多云/多云,南风3-4级/南风3-4级
2018-08-05,36℃/27℃,雷阵雨/多云,东南风3-4级/东南风3-4级
2018-08-06,36℃/28℃,多云/多云,东南风3～4级/东风3～4级
2018-08-07,36℃/27℃,多云/多云,东风3-4级/东风3-4级
2018-08-08,36℃/27℃,多云/多云,东风3-4级/东风3-4级
2018-08-09,36℃/27℃,多云/多云,东风3～4级/东风3～4级
2018-08-10,36℃/28℃,多云/多云,东风3～4级/东风3～4级
2018-08-11,35℃/27℃,多云/多云,东风3-4级/东风3-4级
2018-08-12,31℃/26℃,雷阵雨/中雨,东风4～5级/东北风5～6级
2018-08-13,30℃/26℃,大雨/阴,东北风5-6级/东北风5-6级
2018-08-14,34℃/27℃,多云/多云,东南风4-5级/东南风4-5级
2018-08-15,34℃/26℃,多云/多云,东风3～4级/东风4～5级
2018-08-16,33℃/26℃,雷阵雨/大雨,东北风4-5级/东北风4-5级
2018-08-17,28℃/26℃,暴雨/阵雨,东北风7-8级/东北风7-8级
2018-08-18,33℃/27℃,雷阵雨/雷阵雨,东风5～6级/东风4～5级
2018-08-19,33℃/27℃,多云/多云,东南风4-5级/东南风4-5级
2018-08-20,33℃/27℃,阵雨/雷阵雨,西南风3～4级/西南风3～4级
2018-08-21,31℃/26℃,多云/雷阵雨,北风3-4级/北风3-4级
2018-08-22,30℃/25℃,雷阵雨/多云,东北风4-5级/东北风4-5级
2018-08-23,30℃/22℃,多云/多云,西北风4-5级/西北风4-5级
2018-08-24,31℃/23℃,多云/多云,东北风3-4级/东北风3-4级
2018-08-25,29℃/23℃,雷阵雨/雷阵雨,东北风4～5级/东北风4～5级
2018-08-26,31℃/26℃,雷阵雨/阴,东北风4-5级/东北风4-5级
2018-08-27,33℃/26℃,阴/多云,东风3-4级/东风3-4级
2018-08-28,34℃/26℃,多云/多云,东风3-4级/东风3-4级
2018-08-29,34℃/26℃,多云/多云,东风3-4级/东风3-4级
2018-08-30,34℃/26℃,多云/阴,东风3-4级/东风3-4级
2018-08-31,32℃/25℃,雷阵雨/雷阵雨,东风3-4级/东风3-4级
2018-09-01,30℃/25℃,雷阵雨/阴,东风3-4级/东风3-4级
2018-09-02,32℃/26℃,多云/阴,东南风3-4级/东南风3-4级
2018-09-03,32℃/24℃,雷阵雨/多云,西风4-5级/西风4-5级
2018-09-04,33℃/22℃,晴/晴,西北风4-5级/西北风4-5级
2018-09-05,32℃/22℃,多云/多云,北风3-4级/北风3-4级
2018-09-06,29℃/22℃,阴/阴,西风3-4级/西风3-4级
2018-09-07,27℃/18℃,阴/多云,北风4-5级/北风4-5级
2018-09-08,28℃/17℃,多云/多云,东北风3-4级/东北风3-4级
2018-09-09,28℃/19℃,晴/多云,东北风3-4级/东北风3-4级
2018-09-10,26℃/20℃,多云/多云,东风3-4级/东风3-4级
2018-09-11,28℃/21℃,多云/多云,东风3-4级/东风3-4级
2018-09-12,28℃/22℃,多云/阵雨,东风3-4级/东风3-4级
2018-09-13,26℃/22℃,阵雨/阴,东北风3-4级/东北风3-4级
2018-09-14,31℃/23℃,多云/多云,东北风3-4级/东北风3-4级
2018-09-15,31℃/24℃,多云/多云,东北风3-4级/东北风3-4级
2018-09-16,31℃/24℃,雷阵雨/中雨,东北风3-4级/东北风3-4级
2018-09-17,27℃/23℃,雷阵雨/阴,东北风4-5级/东北风4-5级
2018-09-18,29℃/24℃,阴/多云,东风3-4级/东风3-4级
2018-09-19,32℃/24℃,雷阵雨/雷阵雨,西南风3-4级/西南风3-4级
2018-09-20,29℃/23℃,中雨/雷阵雨,西风3-4级/西风3-4级
2018-09-21,25℃/21℃,阵雨/阴,西北风3-4级/西北风3-4级
2018-09-22,28℃/20℃,多云/多云,南风3-4级/南风3-4级
2018-09-23,27℃/18℃,多云/晴,东北风3-4级/东北风3-4级
2018-09-24,28℃/18℃,晴/多云,东风3-4级/东风3-4级
2018-09-25,25℃/19℃,多云/阴,东北风3-4级/东北风3-4级
2018-09-26,26℃/17℃,多云/多云,东北风3-4级/东北风3-4级
2018-09-27,27℃/18℃,晴/多云,北风3-4级/北风3-4级
2018-09-28,26℃/17℃,多云/晴,东风3-4级/东风3-4级
2018-09-29,27℃/17℃,晴/晴,北风3-4级/北风3-4级
2018-09-30,27℃/15℃,晴/晴,西北风4-5级/西北风4-5级
2018-10-01,25℃/14℃,多云/晴,西北风3-4级/西北风3-4级
2018-10-02,25℃/15℃,多云/多云,西北风1-2级/西北风1-2级
2018-10-03,27℃/14℃,晴/晴,东风3-4级/东风3-4级
2018-10-04,26℃/16℃,晴/多云,东北风3-4级/东北风3-4级
2018-10-05,25℃/16℃,多云/多云,北风4-5级/北风4-5级
2018-10-06,26℃/15℃,多云/多云,西北风3-4级/西北风3-4级
2018-10-07,26℃/17℃,晴/多云,东风3-4级/东风3-4级
2018-10-08,24℃/18℃,多云/小雨,东风3-4级/东风3-4级
2018-10-09,24℃/13℃,小雨/阴,西北风3-4级/西北风3-4级
2018-10-10,20℃/10℃,多云/晴,北风4-5级/北风4-5级
2018-10-11,21℃/9℃,晴/晴,东北风3-4级/东北风3-4级
2018-10-12,21℃/12℃,多云/多云,东北风3-4级/东北风3-4级
2018-10-13,22℃/14℃,晴/多云,东风3-4级/东风3-4级
2018-10-14,21℃/14℃,阴/多云,东风3-4级/东风3-4级
2018-10-15,21℃/15℃,多云/小雨,东风3-4级/东风3-4级
2018-10-16,21℃/13℃,阴/多云,东北风3-4级/东北风3-4级
2018-10-17,22℃/12℃,多云/多云,北风3-4级/北风3-4级
2018-10-18,20℃/10℃,晴/多云,东北风4-5级/东北风4-5级
2018-10-19,20℃/12℃,多云/多云,东北风3-4级/东北风3-4级
2018-10-20,20℃/13℃,阴/多云,东风3-4级/东风3-4级
2018-10-21,21℃/16℃,阵雨/小雨,东风3-4级/东风3-4级
2018-10-22,19℃/13℃,小雨/多云,东北风3-4级/东北风3-4级
2018-10-23,24℃/13℃,多云/晴,东北风3-4级/东北风3-4级
2018-10-24,23℃/15℃,晴/多云,东风3-4级/东风3-4级
2018-10-25,20℃/16℃,小雨/小雨,东南风3-4级/东南风3-4级
2018-10-26,21℃/8℃,晴/晴,西北风4-5级/西北风4-5级
2018-10-27,20℃/9℃,晴/晴,西北风3-4级/西北风3-4级
2018-10-28,24℃/9℃,晴/晴,西风4-5级/西风4-5级
2018-10-29,24℃/11℃,晴/晴,西风3-4级/西风3-4级
2018-10-30,23℃/12℃,晴/多云,东风3-4级/东风3-4级
2018-10-31,21℃/10℃,多云/多云,东北风3-4级/东北风3-4级
2018-11-01,20℃/10℃,晴/多云,东风3-4级/东风3-4级
2018-11-02,20℃/12℃,多云/多云,东风3-4级/东风3-4级
2018-11-03,20℃/14℃,阴/多云,东风3-4级/东风3-4级
2018-11-04,23℃/15℃,多云/阴,东风3-4级/东风3-4级
2018-11-05,20℃/15℃,小雨/小雨,东风3-4级/东风3-4级
2018-11-06,17℃/13℃,中雨/小雨,东北风3-4级/东北风3-4级
2018-11-07,14℃/10℃,小雨/中雨,北风3-4级/北风3-4级
2018-11-08,13℃/6℃,小雨/多云,西北风5-6级/西北风5-6级
2018-11-09,17℃/7℃,晴/多云,东南风1-2级/东南风1-2级
2018-11-10,18℃/12℃,多云/小雨,东风3-4级/东风3-4级
2018-11-11,17℃/11℃,阵雨/多云,北风3-4级/北风3-4级
2018-11-12,17℃/10℃,多云/多云,东北风3-4级/东北风3-4级
2018-11-13,17℃/8℃,多云/多云,东北风3-4级/东北风3-4级
2018-11-14,18℃/11℃,多云/阴,东南风1-2级/东南风1-2级
2018-11-15,15℃/12℃,小雨/小雨,东北风3-4级/东北风3-4级
2018-11-16,16℃/8℃,阴/多云,北风4-5级/北风4-5级
2018-11-17,15℃/9℃,多云/小雨,东北风3-4级/东北风3-4级
2018-11-18,10℃/5℃,小雨/阴,北风3-4级/北风3-4级
2018-11-19,13℃/6℃,多云/多云,东风3-4级/东风3-4级
2018-11-20,16℃/9℃,多云/小雨,东风3-4级/东风3-4级
2018-11-21,14℃/6℃,阴/多云,西北风4-5级/西北风4-5级
2018-11-22,13℃/5℃,多云/多云,北风3-4级/北风3-4级
2018-11-23,16℃/6℃,晴/晴,东南风3-4级/东南风3-4级
2018-11-24,18℃/6℃,晴/晴,北风1-2级/北风1-2级
2018-11-25,18℃/8℃,多云/多云,东风1-2级/东风1-2级
2018-11-26,18℃/8℃,多云/多云,南风1-2级/南风1-2级
2018-11-27,14℃/7℃,多云/多云,东风1-2级/东风1-2级
2018-11-28,18℃/8℃,多云/多云,东南风1-2级/东南风1-2级
2018-11-29,18℃/8℃,多云/多云,北风1-2级/北风1-2级
2018-11-30,18℃/9℃,多云/多云,东风1-2级/东风1-2级
2018-12-01,18℃/11℃,多云/阴,东风1-2级/东风1-2级
2018-12-02,16℃/11℃,小雨/多云,东南风1-2级/东南风1-2级
2018-12-03,16℃/11℃,小雨/中雨,东北风3-4级/东北风3-4级
2018-12-04,10℃/7℃,阴/阴,北风4-5级/北风4-5级
2018-12-05,12℃/8℃,小雨/中雨,东北风4-5级/东北风4-5级
2018-12-06,8℃/3℃,小雨/小雨,东北风4-5级/东北风4-5级
2018-12-07,4℃/0℃,阴/阴,东北风4-5级/东北风4-5级
2018-12-08,2℃/0℃,阴/小雪,东北风4-5级/东北风4-5级
2018-12-09,5℃/0℃,阴/小雨,东北风3-4级/东北风3-4级
2018-12-10,6℃/3℃,小雨/小雨,东北风3-4级/东北风3-4级
2018-12-11,6℃/-2℃,小雨/多云,西北风4-5级/西北风4-5级
2018-12-12,5℃/-3℃,多云/晴,北风3-4级/北风3-4级
2018-12-13,7℃/-2℃,晴/晴,无持续风向1-2级/无持续风向1-2级
2018-12-14,10℃/0℃,晴/多云,东北风1-2级/东北风1-2级
2018-12-15,8℃/3℃,阴/阴,东风3-4级/东风3-4级
2018-12-16,10℃/1℃,多云/晴,西风3-4级/西风3-4级
2018-12-17,13℃/1℃,晴/晴,西风3-4级/西风3-4级
2018-12-18,15℃/2℃,晴/多云,西南风3-4级/西南风3-4级
2018-12-19,12℃/7℃,小雨/小雨,东南风3-4级/东南风3-4级
2018-12-20,15℃/6℃,多云/多云,东风1-2级/东风1-2级
2018-12-21,14℃/9℃,多云/小雨,东北风1-2级/东北风1-2级
2018-12-22,12℃/5℃,小到中雨/小雨,东北风3-4级/东北风3-4级
2018-12-23,11℃/2℃,多云/多云,北风4-5级/北风4-5级
2018-12-24,11℃/5℃,多云/阴,东风3-4级/东风3-4级
2018-12-25,10℃/7℃,小雨/小雨,东风3-4级/东风3-4级
2018-12-26,8℃/4℃,小雨/小雨,东北风4-5级/东北风4-5级
2018-12-27,5℃/-2℃,阴/阴,东北风4-5级/东北风4-5级
2018-12-28,1℃/-4℃,多云/多云,北风4-5级/北风4-5级
2018-12-29,1℃/-4℃,多云/多云,东北风3-4级/东北风3-4级
2018-12-30,1℃/-2℃,小雪/小雪,东北风3-4级/东北风3-4级
2018-12-31,5℃/-3℃,阴/阴,东北风3-4级/东北风3-4级
2019-01-01,5℃/-2℃,多云/多云,北风1-2级/北风1-2级
2019-01-02,4℃/0℃,多云/多云,东风3-4级/东风3-4级
2019-01-03,8℃/3℃,阴/小雨,东南风3-4级/东南风3-4级
2019-01-04,7℃/4℃,小雨/阴,北风3-4级/北风3-4级
2019-01-05,5℃/3℃,小雨/小雨,北风3-4级/北风3-4级
2019-01-06,4℃/2℃,多云/多云,东北风1-2级/东北风1-2级
2019-01-07,6℃/4℃,小雨/阴,东北风3-4级/东北风3-4级
2019-01-08,6℃/2℃,阴/小雪,北风3-4级/北风3-4级
2019-01-09,2℃/0℃,大雪/雨夹雪,东风3-4级/东风3-4级
2019-01-10,4℃/2℃,阴/小雨,东北风3-4级/东北风3-4级
2019-01-11,6℃/3℃,小雨/小雨,北风1-2级/北风1-2级
2019-01-12,6℃/1℃,阴/多云,东风1-2级/东风1-2级
2019-01-13,8℃/0℃,多云/多云,东北风1-2级/东北风1-2级
2019-01-14,8℃/2℃,多云/阴,东风1-2级/东风1-2级
2019-01-15,6℃/-2℃,多云/多云,无持续风向1-2级/无持续风向1-2级
2019-01-16,4℃/-2℃,多云/晴,东北风3-4级/东北风3-4级
2019-01-17,8℃/-1℃,晴/多云,西南风1-2级/西南风1-2级
2019-01-18,11℃/0℃,晴/多云,东风1-2级/东风1-2级
2019-01-19,8℃/1℃,多云/晴,西风1-2级/西风1-2级
2019-01-20,7℃/-2℃,多云/多云,北风1-2级/北风1-2级
2019-01-21,8℃/0℃,多云/多云,西风1-2级/西风1-2级
2019-01-22,11℃/-1℃,晴/晴,西风3-4级/西风3-4级
2019-01-23,13℃/-1℃,晴/晴,西风1-2级/西风1-2级
2019-01-24,14℃/2℃,晴/多云,东风1-2级/东风1-2级
2019-01-25,10℃/-2℃,多云/晴,东北风4-5级/东北风4-5级
2019-01-26,4℃/-2℃,晴/晴,东北风3-4级/东北风3-4级
2019-01-27,9℃/-1℃,晴/多云,东北风1-2级/东北风1-2级
2019-01-28,9℃/4℃,多云/多云,东北风1-2级/东北风1-2级
2019-01-29,9℃/5℃,阴/阴,东风1-2级/东风1-2级
2019-01-30,8℃/1℃,小雨/雨夹雪,东北风4-5级/东北风4-5级
2019-01-31,4℃/-3℃,小雪/多云,北风5-6级/北风5-6级
2019-02-01,7℃/1℃,多云/多云,西南风3-4级/西南风3-4级
2019-02-02,9℃/3℃,阴/小雨,南风3-4级/南风3-4级
2019-02-03,8℃/0℃,小雨/晴,西北风1-2级/西北风1-2级
2019-02-04,10℃/-1℃,晴/多云,东风3-4级/东风3-4级
2019-02-05,11℃/4℃,阴/多云,南风1-2级/南风1-2级
2019-02-06,16℃/6℃,多云/小雨,南风3-4级/南风3-4级
2019-02-07,4℃/0℃,小雨/中雨,东北风5-6级/东北风5-6级
2019-02-08,2℃/-1℃,小雪/中雪,东北风1-2级/东北风1-2级
2019-02-09,1℃/-1℃,阴/阴,东北风1-2级/东北风1-2级
2019-02-10,1℃/-2℃,小雪/多云,东北风1-2级/东北风1-2级
2019-02-11,4℃/0℃,多云/阴,东风1-2级/东风1-2级
2019-02-12,4℃/2℃,中雨/小雨,东风1-2级/东风1-2级
2019-02-13,6℃/2℃,小雨/中雨,东风1-2级/东风1-2级
2019-02-14,5℃/3℃,小雨/小雨,东风1-2级/东风1-2级
2019-02-15,6℃/2℃,小雨/阴,北风1-2级/北风1-2级
2019-02-16,5℃/1℃,多云/多云,东北风3-4级/东北风3-4级
2019-02-17,7℃/2℃,阴/中雨,东北风3-4级/东北风3-4级
2019-02-18,6℃/2℃,中雨/小雨,东风1-2级/东风1-2级
2019-02-19,6℃/3℃,阴/阴,西风1-2级/西风1-2级
2019-02-20,6℃/3℃,小雨/阴,东北风3-4级/东北风3-4级
2019-02-21,7℃/2℃,小雨/雨夹雪,东风1-2级/东风1-2级
2019-02-22,6℃/-1℃,雨夹雪/多云,北风1-2级/北风1-2级
2019-02-23,10℃/1℃,多云/多云,东北风1-2级/东北风1-2级
2019-02-24,9℃/0℃,多云/多云,东北风1-2级/东北风1-2级
2019-02-25,14℃/2℃,多云/多云,东北风1-2级/东北风1-2级
2019-02-26,12℃/5℃,小雨/小雨,东风1-2级/东风1-2级
2019-02-27,8℃/4℃,小雨/阴,东北风1-2级/东北风1-2级
2019-02-28,10℃/5℃,阴/多云,东风1-2级/东风1-2级
2019-03-01,11℃/6℃,小雨/小雨,东风1-2级/东风1-2级
2019-03-02,9℃/6℃,小雨/阴,东风1-2级/东风1-2级
2019-03-03,9℃/5℃,阴/多云,西北风1-2级/西北风1-2级
2019-03-04,9℃/2℃,阴/小雨,东风1-2级/东风1-2级
2019-03-05,9℃/6℃,小雨/多云,东南风1-2级/东南风1-2级
2019-03-06,15℃/3℃,多云/晴,北风1-2级/北风1-2级
2019-03-07,12℃/2℃,晴/多云,东北风3-4级/东北风3-4级
2019-03-08,12℃/5℃,多云/多云,东风1-2级/东风1-2级
2019-03-09,15℃/5℃,阴/多云,西风1-2级/西风1-2级
2019-03-10,16℃/6℃,晴/多云,西北风1-2级/西北风1-2级
2019-03-11,18℃/6℃,晴/多云,西北风1-2级/西北风1-2级
2019-03-12,19℃/4℃,晴/晴,西北风3-4级/西北风3-4级
2019-03-13,17℃/9℃,多云/多云,东南风1-2级/东南风1-2级
2019-03-14,19℃/7℃,多云/多云,西风1-2级/西风1-2级
2019-03-15,20℃/5℃,多云/多云,西北风1-2级/西北风1-2级
2019-03-16,19℃/9℃,多云/多云,西南风1-2级/西南风1-2级
2019-03-17,22℃/11℃,多云/小雨,东风1-2级/东风1-2级
2019-03-18,16℃/7℃,阴/多云,东风1-2级/东风1-2级
2019-03-19,22℃/11℃,多云/小雨,东南风1-2级/东南风1-2级
2019-03-20,23℃/14℃,雷阵雨/多云,西南风3-4级/西南风3-4级
2019-03-21,17℃/8℃,阴/阴,东北风4-5级/东北风4-5级
2019-03-22,12℃/4℃,多云/多云,东北风1-2级/东北风1-2级
2019-03-23,16℃/5℃,晴/晴,北风1-2级/北风1-2级
2019-03-24,15℃/8℃,多云/阴,南风1-2级/南风1-2级
2019-03-25,17℃/8℃,多云/晴,西风1-2级/西风1-2级
2019-03-26,22℃/9℃,多云/多云,南风1-2级/南风1-2级
2019-03-27,19℃/12℃,小雨/阴,西南风1-2级/西南风1-2级
2019-03-28,19℃/10℃,多云/多云,东风1-2级/东风1-2级
2019-03-29,20℃/11℃,多云/多云,东南风1-2级/东南风1-2级
2019-03-30,16℃/8℃,多云/多云,西北风3-4级/西北风3-4级
2019-03-31,16℃/6℃,多云/晴,东风1-2级/东风1-2级
2019-04-01,18℃/8℃,晴/多云,南风1-2级/南风1-2级
2019-04-02,18℃/8℃,多云/多云,东南风1-2级/东南风1-2级
2019-04-03,21℃/10℃,多云/多云,东北风1-2级/东北风1-2级
2019-04-04,19℃/11℃,多云/晴,东南风1-2级/东南风1-2级
2019-04-05,25℃/14℃,晴/晴,西风1-2级/西风1-2级
2019-04-06,27℃/15℃,多云/晴,西南风1-2级/西南风1-2级
2019-04-07,31℃/16℃,晴/晴,西风1-2级/西风1-2级
2019-04-08,30℃/18℃,多云/小雨,东南风1-2级/东南风1-2级
2019-04-09,22℃/10℃,中雨/多云,西北风5-6级/西北风5-6级
2019-04-10,15℃/9℃,多云/阴,北风3-4级/北风3-4级
2019-04-11,16℃/8℃,阴/多云,东风1-2级/东风1-2级
2019-04-12,21℃/10℃,晴/多云,东南风1-2级/东南风1-2级
2019-04-13,22℃/12℃,多云/多云,东南风1-2级/东南风1-2级
2019-04-14,20℃/8℃,多云/晴,北风1-2级/北风1-2级
2019-04-15,21℃/12℃,多云/阴,东南风1-2级/东南风1-2级
2019-04-16,23℃/12℃,阴/多云,南风1-2级/南风1-2级
2019-04-17,27℃/15℃,晴/晴,西南风1-2级/西南风1-2级
2019-04-18,29℃/16℃,多云/多云,南风1-2级/南风1-2级
2019-04-19,26℃/17℃,多云/阴,东风3-4级/东风3-4级
2019-04-20,25℃/18℃,阵雨/阵雨,东风1-2级/东风1-2级
2019-04-21,22℃/18℃,雷阵雨/小雨,东北风1-2级/东北风1-2级
2019-04-22,22℃/17℃,阴/阴,东风3-4级/东风3-4级
2019-04-23,25℃/19℃,阴/阵雨,西风1-2级/西风1-2级
2019-04-24,25℃/16℃,多云/多云,东北风1-2级/东北风1-2级
2019-04-25,25℃/12℃,多云/多云,北风3-4级/北风3-4级
2019-04-26,14℃/10℃,阴/多云,东北风4-5级/东北风4-5级
2019-04-27,20℃/11℃,多云/雷阵雨,东风4-5级/东风4-5级
2019-04-28,18℃/14℃,多云/中雨,东北风1-2级/东北风1-2级
2019-04-29,16℃/13℃,小雨/阴,北风1-2级/北风1-2级
2019-04-30,21℃/15℃,多云/多云,东北风1-2级/东北风1-2级
2019-05-01,24℃/13℃,晴/晴,北风1-2级/北风1-2级
2019-05-02,25℃/11℃,晴/晴,东风1-2级/东风1-2级
2019-05-03,26℃/15℃,晴/多云,东风1-2级/东风1-2级
2019-05-04,28℃/16℃,多云/多云,东南风3-4级/东南风3-4级
2019-05-05,28℃/15℃,多云/多云,东风1-2级/东风1-2级
2019-05-06,21℃/11℃,多云/阴,东北风1-2级/东北风1-2级
2019-05-07,22℃/13℃,多云/多云,东风1-2级/东风1-2级
2019-05-08,22℃/12℃,多云/多云,东南风1-2级/东南风1-2级
2019-05-09,26℃/14℃,晴/晴,东南风1-2级/东南风1-2级
2019-05-10,29℃/16℃,晴/多云,西南风1-2级/西南风1-2级
2019-05-11,30℃/18℃,晴/晴,东南风1-2级/东南风1-2级
2019-05-12,31℃/20℃,多云/多云,东南风1-2级/东南风1-2级
2019-05-13,29℃/17℃,阴/多云,东风1-2级/东风1-2级
2019-05-14,29℃/19℃,雷阵雨/雷阵雨,东南风1-2级/东南风1-2级
2019-05-15,23℃/19℃,阴/阴,东风3-4级/东风3-4级
2019-05-16,26℃/20℃,阴/阴,东风1-2级/东风1-2级
2019-05-17,27℃/20℃,小雨/多云,东北风1-2级/东北风1-2级
2019-05-18,25℃/17℃,阴/多云,东北风1-2级/东北风1-2级
2019-05-19,26℃/20℃,多云/多云,北风1-2级/北风1-2级
2019-05-20,27℃/15℃,多云/晴,北风3-4级/北风3-4级
2019-05-21,28℃/15℃,晴/晴,西南风1-2级/西南风1-2级
2019-05-22,31℃/17℃,晴/晴,西南风1-2级/西南风1-2级
2019-05-23,33℃/19℃,晴/晴,东南风1-2级/东南风1-2级
2019-05-24,35℃/22℃,晴/雷阵雨,东南风1-2级/东南风1-2级
2019-05-25,28℃/21℃,大雨/大雨,东南风3-4级/东南风3-4级
2019-05-26,26℃/23℃,中雨/小雨,西南风1-2级/西南风1-2级
2019-05-27,26℃/14℃,多云/多云,北风3-4级/北风3-4级
2019-05-28,26℃/18℃,多云/多云,东北风1-2级/东北风1-2级
2019-05-29,26℃/18℃,多云/阴,东南风1-2级/东南风1-2级
2019-05-30,23℃/17℃,小雨/小雨,东南风1-2级/东南风1-2级
2019-05-31,27℃/18℃,多云/多云,东风1-2级/东风1-2级
2019-06-01,29℃/18℃,多云/多云,东南风1-2级/东南风1-2级
2019-06-02,30℃/19℃,晴/晴,东南风1-2级/东南风1-2级
2019-06-03,33℃/21℃,晴/晴,东南风1-2级/东南风1-2级
2019-06-04,35℃/22℃,晴/多云,南风3-4级/南风3-4级
2019-06-05,35℃/25℃,多云/雷阵雨,东南风1-2级/东南风1-2级
2019-06-06,25℃/20℃,中雨/多云,西风5-6级/西风5-6级
2019-06-07,30℃/20℃,晴/多云,东北风1-2级/东北风1-2级
2019-06-08,31℃/22℃,多云/多云,东南风1-2级/东南风1-2级
2019-06-09,32℃/22℃,阴/多云,东南风1-2级/东南风1-2级
2019-06-10,30℃/18℃,晴/晴,东北风3-4级/东北风3-4级
2019-06-11,30℃/20℃,多云/多云,东风1-2级/东风1-2级
2019-06-12,28℃/20℃,多云/多云,东风1-2级/东风1-2级
2019-06-13,25℃/18℃,多云/多云,东南风1-2级/东南风1-2级
2019-06-14,28℃/20℃,晴/晴,东北风1-2级/东北风1-2级
2019-06-15,34℃/23℃,多云/多云,西风1-2级/西风1-2级
2019-06-16,31℃/25℃,多云/多云,南风1-2级/南风1-2级
2019-06-17,30℃/21℃,阴/中雨,南风1-2级/南风1-2级
2019-06-18,26℃/21℃,阴/多云,东南风1-2级/东南风1-2级
2019-06-19,27℃/22℃,阴/小雨,东风1-2级/东风1-2级
2019-06-20,25℃/21℃,中雨/大雨,东风1-2级/东风1-2级
2019-06-21,27℃/20℃,阴/多云,东风1-2级/东风1-2级
2019-06-22,27℃/18℃,多云/多云,东北风1-2级/东北风1-2级
2019-06-23,28℃/20℃,晴/晴,东风1-2级/东风1-2级
2019-06-24,29℃/21℃,多云/阴,东南风3-4级/东南风3-4级
2019-06-25,27℃/21℃,阵雨/阵雨,东南风4-5级/东南风4-5级
2019-06-26,28℃/21℃,阵雨/多云,东北风1-2级/东北风1-2级
2019-06-27,29℃/24℃,多云/多云,东南风1-2级/东南风1-2级
2019-06-28,34℃/27℃,雷阵雨/大雨,南风1-2级/南风1-2级
2019-06-29,27℃/23℃,小雨/阴,西北风3-4级/西北风3-4级
2019-06-30,30℃/23℃,多云/多云,西南风1-2级/西南风1-2级
2019-07-01,31℃/22℃,多云/多云,东南风1-2级/东南风1-2级
2019-07-02,30℃/23℃,多云/多云,东风1-2级/东风1-2级
2019-07-03,29℃/22℃,多云/多云,东风1-2级/东风1-2级
2019-07-04,30℃/22℃,多云/多云,东南风1-2级/东南风1-2级
2019-07-05,31℃/22℃,多云/多云,东南风1-2级/东南风1-2级
2019-07-06,31℃/24℃,雷阵雨/雷阵雨,东南风3-4级/东南风3-4级
2019-07-07,31℃/21℃,多云/多云,西北风1-2级/西北风1-2级
2019-07-08,29℃/23℃,阵雨/阵雨,东北风1-2级/东北风1-2级
2019-07-09,25℃/21℃,阵雨/阴,东北风1-2级/东北风1-2级
2019-07-10,28℃/21℃,多云/晴,东北风1-2级/东北风1-2级
2019-07-11,30℃/23℃,多云/阴,北风1-2级/北风1-2级
2019-07-12,28℃/22℃,阵雨/阵雨,东南风1-2级/东南风1-2级
2019-07-13,26℃/20℃,阴/多云,东风1-2级/东风1-2级
2019-07-14,30℃/22℃,晴/晴,南风1-2级/南风1-2级
2019-07-15,32℃/23℃,多云/多云,东风1-2级/东风1-2级
2019-07-16,31℃/24℃,多云/阵雨,东风3-4级/东风3-4级
2019-07-17,31℃/26℃,雷阵雨/阵雨,北风1-2级/北风1-2级
2019-07-18,31℃/26℃,阵雨/阴,东风1-2级/东风1-2级
2019-07-19,32℃/25℃,雷阵雨/多云,东北风3-4级/东北风3-4级
2019-07-20,32℃/25℃,多云/多云,东北风1-2级/东北风1-2级
2019-07-21,34℃/26℃,晴/晴,东南风1-2级/东南风1-2级
2019-07-22,36℃/28℃,晴/晴,东风1-2级/东风1-2级
2019-07-23,36℃/29℃,多云/多云,西南风3-4级/西南风3-4级
2019-07-24,36℃/29℃,多云/多云,西南风3-4级/西南风3-4级
2019-07-25,36℃/29℃,多云/多云,西风1-2级/西风1-2级
2019-07-26,36℃/26℃,多云/雷阵雨,西南风3-4级/西南风3-4级
2019-07-27,37℃/29℃,多云/晴,东南风1-2级/东南风1-2级
2019-07-28,37℃/29℃,晴/晴,南风1-2级/南风1-2级
2019-07-29,38℃/29℃,晴/晴,西南风3-4级/西南风3-4级
2019-07-30,38℃/29℃,晴/晴,西南风1-2级/西南风1-2级
2019-07-31,38℃/28℃,多云/阴,西南风4-5级/西南风4-5级
2019-08-01,37℃/28℃,多云/多云,东南风1-2级/东南风1-2级
2019-08-02,36℃/26℃,多云/晴,东南风1-2级/东南风1-2级
2019-08-03,35℃/26℃,晴/多云,东风3-4级/东风3-4级
2019-08-04,32℃/27℃,阵雨/阴,东风1-2级/东风1-2级
2019-08-05,33℃/27℃,多云/多云,东南风3-4级/东南风3-4级
2019-08-06,34℃/26℃,多云/晴,东风1-2级/东风1-2级
2019-08-07,34℃/27℃,晴/多云,东风1-2级/东风1-2级
2019-08-08,33℃/27℃,小雨/多云,东风1-2级/东风1-2级
2019-08-09,33℃/27℃,雷阵雨/中雨,东北风3-4级/东北风3-4级
2019-08-10,28℃/26℃,大雨/中雨,北风6-7级/北风6-7级
2019-08-11,29℃/24℃,阴/阴,西风4-5级/西风4-5级
2019-08-12,32℃/25℃,晴/晴,西风4-5级/西风4-5级
2019-08-13,34℃/25℃,多云/多云,西北风1-2级/西北风1-2级
2019-08-14,34℃/25℃,多云/多云,西风3-4级/西风3-4级
2019-08-15,33℃/24℃,晴/晴,西北风1-2级/西北风1-2级
2019-08-16,35℃/23℃,多云/多云,西风1-2级/西风1-2级
2019-08-17,34℃/24℃,多云/多云,北风1-2级/北风1-2级
2019-08-18,31℃/24℃,多云/多云,东风1-2级/东风1-2级
2019-08-19,32℃/22℃,晴/多云,东风3-4级/东风3-4级
2019-08-20,32℃/24℃,多云/晴,东风1-2级/东风1-2级
2019-08-21,33℃/24℃,多云/多云,东风1-2级/东风1-2级
2019-08-22,33℃/24℃,多云/多云,东北风1-2级/东北风1-2级
2019-08-23,34℃/24℃,多云/多云,东北风1-2级/东北风1-2级
2019-08-24,34℃/26℃,多云/多云,东北风3-4级/东北风3-4级
2019-08-25,32℃/27℃,雷阵雨/阴,东风4-5级/东风4-5级
2019-08-26,34℃/27℃,多云/多云,东风1-2级/东风1-2级
2019-08-27,35℃/25℃,雷阵雨/雷阵雨,西北风3-4级/西北风3-4级
2019-08-28,28℃/23℃,阵雨/多云,东北风1-2级/东北风1-2级
2019-08-29,29℃/21℃,阴/晴,西南风1-2级/西南风1-2级
2019-08-30,30℃/22℃,多云/多云,东北风1-2级/东北风1-2级
2019-08-31,30℃/23℃,多云/多云,东风1-2级/东风1-2级
2019-09-01,25℃/20℃,小雨/大雨,东南风1-2级/东南风1-2级
2019-09-02,25℃/21℃,中雨/中雨,东北风1-2级/东北风1-2级
2019-09-03,25℃/21℃,小雨/多云,东北风1-2级/东北风1-2级
2019-09-04,27℃/22℃,多云/小雨,东北风1-2级/东北风1-2级
2019-09-05,27℃/21℃,阵雨/阵雨,东北风1-2级/东北风1-2级
2019-09-06,27℃/23℃,雷阵雨/阴,东北风3-4级/东北风3-4级
2019-09-07,30℃/22℃,晴/晴,西北风1-2级/西北风1-2级
2019-09-08,31℃/21℃,多云/多云,东北风1-2级/东北风1-2级
2019-09-09,30℃/22℃,晴/晴,北风1-2级/北风1-2级
2019-09-10,31℃/24℃,多云/多云,东北风1-2级/东北风1-2级
2019-09-11,31℃/24℃,多云/多云,东北风1-2级/东北风1-2级
2019-09-12,31℃/23℃,多云/多云,东风1-2级/东风1-2级
2019-09-13,32℃/24℃,晴/多云,东风3-4级/东风3-4级
2019-09-14,32℃/23℃,多云/多云,北风1-2级/北风1-2级
2019-09-15,30℃/20℃,多云/多云,东北风1-2级/东北风1-2级
2019-09-16,29℃/20℃,多云/多云,东北风1-2级/东北风1-2级
2019-09-17,29℃/22℃,晴/多云,东北风1-2级/东北风1-2级
2019-09-18,30℃/17℃,多云/多云,东北风1-2级/东北风1-2级
2019-09-19,26℃/18℃,多云/晴,东北风1-2级/东北风1-2级
2019-09-20,27℃/18℃,晴/晴,东北风1-2级/东北风1-2级
2019-09-21,27℃/20℃,多云/多云,北风4-5级/北风4-5级
2019-09-22,28℃/17℃,多云/晴,北风3-4级/北风3-4级
2019-09-23,27℃/15℃,晴/晴,西北风3-4级/西北风3-4级
2019-09-24,30℃/19℃,多云/多云,西风1-2级/西风1-2级
